Date,Open,High,Low,Close,Volume
3-Oct-17,-,-,-,0.44,-
2-Oct-17,-,-,-,0.43,-
1-Oct-17,-,-,-,0.43,-
30-Sep-17,-,-,-,0.43,-
29-Sep-17,-,-,-,0.43,-
28-Sep-17,-,-,-,0.42,-
27-Sep-17,-,-,-,0.42,-
26-Sep-17,-,-,-,0.42,-
25-Sep-17,-,-,-,0.42,-
24-Sep-17,-,-,-,0.42,-
23-Sep-17,-,-,-,0.42,-
22-Sep-17,-,-,-,0.42,-
21-Sep-17,-,-,-,0.43,-
20-Sep-17,-,-,-,0.43,-
19-Sep-17,-,-,-,0.43,-
18-Sep-17,-,-,-,0.43,-
17-Sep-17,-,-,-,0.43,-
16-Sep-17,-,-,-,0.43,-
15-Sep-17,-,-,-,0.42,-
14-Sep-17,-,-,-,0.41,-
13-Sep-17,-,-,-,0.40,-
12-Sep-17,-,-,-,0.39,-
11-Sep-17,-,-,-,0.39,-
10-Sep-17,-,-,-,0.36,-
9-Sep-17,-,-,-,0.36,-
8-Sep-17,-,-,-,0.37,-
7-Sep-17,-,-,-,0.38,-
6-Sep-17,-,-,-,0.38,-
5-Sep-17,-,-,-,0.39,-
4-Sep-17,-,-,-,0.39,-
3-Sep-17,-,-,-,0.42,-
2-Sep-17,-,-,-,0.42,-
1-Sep-17,-,-,-,0.41,-
31-Aug-17,-,-,-,0.41,-
30-Aug-17,-,-,-,0.41,-
29-Aug-17,-,-,-,0.40,-
28-Aug-17,-,-,-,0.41,-
27-Aug-17,-,-,-,0.40,-
26-Aug-17,-,-,-,0.40,-
25-Aug-17,-,-,-,0.40,-
24-Aug-17,-,-,-,0.40,-
23-Aug-17,-,-,-,0.39,-
22-Aug-17,-,-,-,0.39,-
21-Aug-17,-,-,-,0.39,-
20-Aug-17,-,-,-,0.40,-
19-Aug-17,-,-,-,0.41,-
18-Aug-17,-,-,-,0.41,-
17-Aug-17,-,-,-,0.41,-
16-Aug-17,-,-,-,0.42,-
15-Aug-17,-,-,-,0.42,-
14-Aug-17,-,-,-,0.42,-
13-Aug-17,-,-,-,0.42,-
12-Aug-17,-,-,-,0.42,-
11-Aug-17,-,-,-,0.42,-
10-Aug-17,-,-,-,0.43,-
9-Aug-17,-,-,-,0.43,-
8-Aug-17,-,-,-,0.44,-
7-Aug-17,-,-,-,0.45,-
6-Aug-17,-,-,-,0.45,-
5-Aug-17,-,-,-,0.45,-
4-Aug-17,-,-,-,0.45,-
3-Aug-17,-,-,-,0.46,-
2-Aug-17,-,-,-,0.46,-
1-Aug-17,-,-,-,0.46,-
31-Jul-17,-,-,-,0.45,-
30-Jul-17,-,-,-,0.45,-
29-Jul-17,-,-,-,0.45,-
28-Jul-17,-,-,-,0.44,-
27-Jul-17,-,-,-,0.44,-
26-Jul-17,-,-,-,0.44,-
25-Jul-17,-,-,-,0.44,-
24-Jul-17,-,-,-,0.43,-
23-Jul-17,-,-,-,0.43,-
22-Jul-17,-,-,-,0.43,-
21-Jul-17,-,-,-,0.44,-
20-Jul-17,-,-,-,0.44,-
19-Jul-17,-,-,-,0.43,-
18-Jul-17,-,-,-,0.43,-
17-Jul-17,-,-,-,0.43,-
16-Jul-17,-,-,-,0.43,-
15-Jul-17,-,-,-,0.43,-
14-Jul-17,-,-,-,0.42,-
13-Jul-17,-,-,-,0.41,-
12-Jul-17,-,-,-,0.41,-
11-Jul-17,-,-,-,0.41,-
10-Jul-17,-,-,-,0.38,-
9-Jul-17,-,-,-,0.36,-
8-Jul-17,-,-,-,0.36,-
7-Jul-17,-,-,-,0.36,-
6-Jul-17,-,-,-,0.35,-
5-Jul-17,-,-,-,0.34,-
4-Jul-17,-,-,-,0.34,-
3-Jul-17,-,-,-,0.38,-
2-Jul-17,-,-,-,0.39,-
1-Jul-17,-,-,-,0.40,-
30-Jun-17,-,-,-,0.40,-
29-Jun-17,-,-,-,0.40,-
28-Jun-17,-,-,-,0.40,-
27-Jun-17,-,-,-,0.40,-
26-Jun-17,-,-,-,0.40,-
25-Jun-17,-,-,-,0.40,-
24-Jun-17,-,-,-,0.39,-
23-Jun-17,-,-,-,0.40,-
22-Jun-17,-,-,-,0.40,-
21-Jun-17,-,-,-,0.40,-
20-Jun-17,-,-,-,0.40,-
19-Jun-17,-,-,-,0.39,-
18-Jun-17,-,-,-,0.39,-
17-Jun-17,-,-,-,0.39,-
16-Jun-17,-,-,-,0.39,-
15-Jun-17,-,-,-,0.40,-
14-Jun-17,-,-,-,0.40,-
13-Jun-17,-,-,-,0.40,-
12-Jun-17,-,-,-,0.41,-
11-Jun-17,-,-,-,0.40,-
10-Jun-17,-,-,-,0.40,-
9-Jun-17,-,-,-,0.41,-
8-Jun-17,-,-,-,0.42,-
7-Jun-17,-,-,-,0.41,-
6-Jun-17,-,-,-,0.42,-
5-Jun-17,-,-,-,0.41,-
4-Jun-17,-,-,-,0.38,-
3-Jun-17,-,-,-,0.38,-
2-Jun-17,-,-,-,0.37,-
1-Jun-17,-,-,-,0.36,-
31-May-17,-,-,-,0.36,-
30-May-17,-,-,-,0.36,-
29-May-17,-,-,-,0.37,-
28-May-17,-,-,-,0.40,-
27-May-17,-,-,-,0.40,-
26-May-17,-,-,-,0.41,-
25-May-17,-,-,-,0.41,-
24-May-17,-,-,-,0.40,-
23-May-17,-,-,-,0.40,-
22-May-17,-,-,-,0.41,-
21-May-17,-,-,-,0.41,-
20-May-17,-,-,-,0.41,-
19-May-17,-,-,-,0.41,-
18-May-17,-,-,-,0.40,-
17-May-17,-,-,-,0.41,-
16-May-17,-,-,-,0.41,-
15-May-17,-,-,-,0.40,-
14-May-17,-,-,-,0.40,-
13-May-17,-,-,-,0.40,-
12-May-17,-,-,-,0.41,-
11-May-17,-,-,-,0.41,-
10-May-17,-,-,-,0.41,-
9-May-17,-,-,-,0.41,-
8-May-17,-,-,-,0.42,-
7-May-17,-,-,-,0.42,-
6-May-17,-,-,-,0.42,-
5-May-17,-,-,-,0.42,-
4-May-17,-,-,-,0.42,-
3-May-17,-,-,-,0.43,-
2-May-17,-,-,-,0.44,-
1-May-17,-,-,-,0.44,-
30-Apr-17,-,-,-,0.44,-
29-Apr-17,-,-,-,0.44,-
28-Apr-17,-,-,-,0.44,-
27-Apr-17,-,-,-,0.44,-
26-Apr-17,-,-,-,0.44,-
25-Apr-17,-,-,-,0.43,-
24-Apr-17,-,-,-,0.44,-
23-Apr-17,-,-,-,0.45,-
22-Apr-17,-,-,-,0.45,-
21-Apr-17,-,-,-,0.46,-
20-Apr-17,-,-,-,0.46,-
19-Apr-17,-,-,-,0.46,-
18-Apr-17,-,-,-,0.46,-
17-Apr-17,-,-,-,0.47,-
16-Apr-17,-,-,-,0.47,-
15-Apr-17,-,-,-,0.47,-
14-Apr-17,-,-,-,0.47,-
13-Apr-17,-,-,-,0.48,-
12-Apr-17,-,-,-,0.48,-
11-Apr-17,-,-,-,0.48,-
10-Apr-17,-,-,-,0.48,-
9-Apr-17,-,-,-,0.48,-
8-Apr-17,-,-,-,0.48,-
7-Apr-17,-,-,-,0.48,-
6-Apr-17,-,-,-,0.49,-
5-Apr-17,-,-,-,0.49,-
4-Apr-17,-,-,-,0.48,-
3-Apr-17,-,-,-,0.49,-
2-Apr-17,-,-,-,0.48,-
1-Apr-17,-,-,-,0.48,-
31-Mar-17,-,-,-,0.48,-
30-Mar-17,-,-,-,0.47,-
29-Mar-17,-,-,-,0.47,-
28-Mar-17,-,-,-,0.47,-
27-Mar-17,-,-,-,0.47,-
26-Mar-17,-,-,-,0.47,-
25-Mar-17,-,-,-,0.48,-
24-Mar-17,-,-,-,0.48,-
23-Mar-17,-,-,-,0.48,-
22-Mar-17,-,-,-,0.48,-
21-Mar-17,-,-,-,0.48,-
20-Mar-17,-,-,-,0.48,-
19-Mar-17,-,-,-,0.47,-
18-Mar-17,-,-,-,0.47,-
17-Mar-17,-,-,-,0.47,-
16-Mar-17,-,-,-,0.47,-
15-Mar-17,-,-,-,0.47,-
14-Mar-17,-,-,-,0.46,-
13-Mar-17,-,-,-,0.47,-
12-Mar-17,-,-,-,0.47,-
11-Mar-17,-,-,-,0.48,-
10-Mar-17,-,-,-,0.48,-
9-Mar-17,-,-,-,0.49,-
8-Mar-17,-,-,-,0.50,-
7-Mar-17,-,-,-,0.51,-
6-Mar-17,-,-,-,0.52,-
5-Mar-17,-,-,-,0.51,-
4-Mar-17,-,-,-,0.51,-
3-Mar-17,-,-,-,0.51,-
2-Mar-17,-,-,-,0.51,-
1-Mar-17,-,-,-,0.50,-
28-Feb-17,-,-,-,0.49,-
27-Feb-17,-,-,-,0.49,-
26-Feb-17,-,-,-,0.47,-
25-Feb-17,-,-,-,0.47,-
24-Feb-17,-,-,-,0.47,-
23-Feb-17,-,-,-,0.47,-
22-Feb-17,-,-,-,0.47,-
21-Feb-17,-,-,-,0.47,-
20-Feb-17,-,-,-,0.47,-
19-Feb-17,-,-,-,0.49,-
18-Feb-17,-,-,-,0.49,-
17-Feb-17,-,-,-,0.49,-
16-Feb-17,-,-,-,0.48,-
15-Feb-17,-,-,-,0.48,-
14-Feb-17,-,-,-,0.48,-
13-Feb-17,-,-,-,0.48,-
12-Feb-17,-,-,-,0.47,-
11-Feb-17,-,-,-,0.48,-
10-Feb-17,-,-,-,0.48,-
9-Feb-17,-,-,-,0.49,-
8-Feb-17,-,-,-,0.49,-
7-Feb-17,-,-,-,0.49,-
6-Feb-17,-,-,-,0.50,-
5-Feb-17,-,-,-,0.50,-
4-Feb-17,-,-,-,0.50,-
3-Feb-17,-,-,-,0.50,-
2-Feb-17,-,-,-,0.50,-
1-Feb-17,-,-,-,0.52,-
31-Jan-17,-,-,-,0.52,-
30-Jan-17,-,-,-,0.52,-
29-Jan-17,-,-,-,0.52,-
28-Jan-17,-,-,-,0.52,-
27-Jan-17,-,-,-,0.50,-
26-Jan-17,-,-,-,0.48,-
25-Jan-17,-,-,-,0.47,-
24-Jan-17,-,-,-,0.47,-
23-Jan-17,-,-,-,0.47,-
22-Jan-17,-,-,-,0.45,-
21-Jan-17,-,-,-,0.45,-
20-Jan-17,-,-,-,0.46,-
19-Jan-17,-,-,-,0.46,-
18-Jan-17,-,-,-,0.47,-
17-Jan-17,-,-,-,0.45,-
16-Jan-17,-,-,-,0.45,-
15-Jan-17,-,-,-,0.47,-
14-Jan-17,-,-,-,0.47,-
13-Jan-17,-,-,-,0.47,-
12-Jan-17,-,-,-,0.47,-
11-Jan-17,-,-,-,0.47,-
10-Jan-17,-,-,-,0.49,-
9-Jan-17,-,-,-,0.49,-
8-Jan-17,-,-,-,0.46,-
7-Jan-17,-,-,-,0.46,-
6-Jan-17,-,-,-,0.46,-
5-Jan-17,-,-,-,0.44,-
4-Jan-17,-,-,-,0.42,-
3-Jan-17,-,-,-,0.41,-
2-Jan-17,-,-,-,0.39,-
1-Jan-17,-,-,-,0.38,-
31-Dec-16,-,-,-,0.37,-
30-Dec-16,-,-,-,0.35,-
29-Dec-16,-,-,-,0.34,-
28-Dec-16,-,-,-,0.35,-
27-Dec-16,-,-,-,0.35,-
26-Dec-16,-,-,-,0.36,-
25-Dec-16,-,-,-,0.39,-
24-Dec-16,-,-,-,0.40,-
23-Dec-16,-,-,-,0.41,-
22-Dec-16,-,-,-,0.42,-
21-Dec-16,-,-,-,0.42,-
20-Dec-16,-,-,-,0.42,-
19-Dec-16,-,-,-,0.43,-
18-Dec-16,-,-,-,0.43,-
17-Dec-16,-,-,-,0.43,-
16-Dec-16,-,-,-,0.44,-
15-Dec-16,-,-,-,0.44,-
14-Dec-16,-,-,-,0.45,-
13-Dec-16,-,-,-,0.45,-
12-Dec-16,-,-,-,0.45,-
11-Dec-16,-,-,-,0.44,-
10-Dec-16,-,-,-,0.46,-
9-Dec-16,-,-,-,0.46,-
8-Dec-16,-,-,-,0.45,-
7-Dec-16,-,-,-,0.44,-
6-Dec-16,-,-,-,0.44,-
5-Dec-16,-,-,-,0.44,-
4-Dec-16,-,-,-,0.43,-
3-Dec-16,-,-,-,0.41,-
2-Dec-16,-,-,-,0.41,-
1-Dec-16,-,-,-,0.39,-
30-Nov-16,-,-,-,0.35,-
29-Nov-16,-,-,-,0.34,-
28-Nov-16,-,-,-,0.35,-
27-Nov-16,-,-,-,0.35,-
26-Nov-16,-,-,-,0.35,-
25-Nov-16,-,-,-,0.35,-
24-Nov-16,-,-,-,0.38,-
23-Nov-16,-,-,-,0.42,-
22-Nov-16,-,-,-,0.43,-
21-Nov-16,-,-,-,0.43,-
20-Nov-16,-,-,-,0.45,-
19-Nov-16,-,-,-,0.45,-
18-Nov-16,-,-,-,0.45,-
17-Nov-16,-,-,-,0.45,-
16-Nov-16,-,-,-,0.46,-
15-Nov-16,-,-,-,0.44,-
14-Nov-16,-,-,-,0.43,-
13-Nov-16,-,-,-,0.43,-
12-Nov-16,-,-,-,0.43,-
11-Nov-16,-,-,-,0.42,-
10-Nov-16,-,-,-,0.42,-
9-Nov-16,-,-,-,0.40,-
8-Nov-16,-,-,-,0.41,-
7-Nov-16,-,-,-,0.41,-
6-Nov-16,-,-,-,0.41,-
5-Nov-16,-,-,-,0.40,-
4-Nov-16,-,-,-,0.40,-
3-Nov-16,-,-,-,0.40,-
2-Nov-16,-,-,-,0.40,-
1-Nov-16,-,-,-,0.41,-
31-Oct-16,-,-,-,0.41,-
30-Oct-16,-,-,-,0.41,-
29-Oct-16,-,-,-,0.41,-
28-Oct-16,-,-,-,0.41,-
27-Oct-16,-,-,-,0.41,-
26-Oct-16,-,-,-,0.41,-
25-Oct-16,-,-,-,0.41,-
24-Oct-16,-,-,-,0.41,-
23-Oct-16,-,-,-,0.41,-
22-Oct-16,-,-,-,0.41,-
21-Oct-16,-,-,-,0.40,-
20-Oct-16,-,-,-,0.41,-
19-Oct-16,-,-,-,0.40,-
18-Oct-16,-,-,-,0.40,-
17-Oct-16,-,-,-,0.39,-
16-Oct-16,-,-,-,0.38,-
15-Oct-16,-,-,-,0.38,-
14-Oct-16,-,-,-,0.38,-
13-Oct-16,-,-,-,0.37,-
12-Oct-16,-,-,-,0.37,-
11-Oct-16,-,-,-,0.38,-
10-Oct-16,-,-,-,0.37,-
9-Oct-16,-,-,-,0.38,-
8-Oct-16,-,-,-,0.39,-
7-Oct-16,-,-,-,0.39,-
6-Oct-16,-,-,-,0.40,-
5-Oct-16,-,-,-,0.41,-
4-Oct-16,-,-,-,0.41,-
3-Oct-16,-,-,-,0.41,-
2-Oct-16,-,-,-,0.40,-
1-Oct-16,-,-,-,0.40,-
30-Sep-16,-,-,-,0.39,-
29-Sep-16,-,-,-,0.39,-
28-Sep-16,-,-,-,0.39,-
27-Sep-16,-,-,-,0.38,-
26-Sep-16,-,-,-,0.38,-
25-Sep-16,-,-,-,0.38,-
24-Sep-16,-,-,-,0.39,-
23-Sep-16,-,-,-,0.39,-
22-Sep-16,-,-,-,0.39,-
21-Sep-16,-,-,-,0.39,-
20-Sep-16,-,-,-,0.40,-
19-Sep-16,-,-,-,0.39,-
18-Sep-16,-,-,-,0.39,-
17-Sep-16,-,-,-,0.39,-
16-Sep-16,-,-,-,0.39,-
15-Sep-16,-,-,-,0.39,-
14-Sep-16,-,-,-,0.39,-
13-Sep-16,-,-,-,0.40,-
12-Sep-16,-,-,-,0.39,-
11-Sep-16,-,-,-,0.37,-
10-Sep-16,-,-,-,0.37,-
9-Sep-16,-,-,-,0.36,-
8-Sep-16,-,-,-,0.36,-
7-Sep-16,-,-,-,0.35,-
6-Sep-16,-,-,-,0.34,-
5-Sep-16,-,-,-,0.35,-
4-Sep-16,-,-,-,0.38,-
3-Sep-16,-,-,-,0.38,-
2-Sep-16,-,-,-,0.39,-
1-Sep-16,-,-,-,0.39,-
31-Aug-16,-,-,-,0.40,-
30-Aug-16,-,-,-,0.41,-
29-Aug-16,-,-,-,0.41,-
28-Aug-16,-,-,-,0.41,-
27-Aug-16,-,-,-,0.41,-
26-Aug-16,-,-,-,0.41,-
25-Aug-16,-,-,-,0.41,-
24-Aug-16,-,-,-,0.41,-
23-Aug-16,-,-,-,0.41,-
22-Aug-16,-,-,-,0.41,-
21-Aug-16,-,-,-,0.42,-
20-Aug-16,-,-,-,0.42,-
19-Aug-16,-,-,-,0.42,-
18-Aug-16,-,-,-,0.42,-
17-Aug-16,-,-,-,0.43,-
16-Aug-16,-,-,-,0.43,-
15-Aug-16,-,-,-,0.44,-
14-Aug-16,-,-,-,0.44,-
13-Aug-16,-,-,-,0.44,-
12-Aug-16,-,-,-,0.45,-
11-Aug-16,-,-,-,0.45,-
10-Aug-16,-,-,-,0.44,-
9-Aug-16,-,-,-,0.44,-
8-Aug-16,-,-,-,0.43,-
7-Aug-16,-,-,-,0.41,-
6-Aug-16,-,-,-,0.41,-
5-Aug-16,-,-,-,0.41,-
4-Aug-16,-,-,-,0.41,-
3-Aug-16,-,-,-,0.41,-
2-Aug-16,-,-,-,0.41,-
1-Aug-16,-,-,-,0.41,-
31-Jul-16,-,-,-,0.41,-
30-Jul-16,-,-,-,0.41,-
29-Jul-16,-,-,-,0.41,-
28-Jul-16,-,-,-,0.40,-
27-Jul-16,-,-,-,0.40,-
26-Jul-16,-,-,-,0.41,-
25-Jul-16,-,-,-,0.41,-
24-Jul-16,-,-,-,0.42,-
23-Jul-16,-,-,-,0.42,-
22-Jul-16,-,-,-,0.43,-
21-Jul-16,-,-,-,0.43,-
20-Jul-16,-,-,-,0.44,-
19-Jul-16,-,-,-,0.45,-
18-Jul-16,-,-,-,0.45,-
17-Jul-16,-,-,-,0.45,-
16-Jul-16,-,-,-,0.45,-
15-Jul-16,-,-,-,0.45,-
14-Jul-16,-,-,-,0.45,-
13-Jul-16,-,-,-,0.44,-
12-Jul-16,-,-,-,0.43,-
11-Jul-16,-,-,-,0.41,-
10-Jul-16,-,-,-,0.37,-
9-Jul-16,-,-,-,0.37,-
8-Jul-16,-,-,-,0.37,-
7-Jul-16,-,-,-,0.37,-
6-Jul-16,-,-,-,0.38,-
5-Jul-16,-,-,-,0.38,-
4-Jul-16,-,-,-,0.39,-
3-Jul-16,-,-,-,0.43,-
2-Jul-16,-,-,-,0.43,-
1-Jul-16,-,-,-,0.43,-
30-Jun-16,-,-,-,0.44,-
29-Jun-16,-,-,-,0.43,-
28-Jun-16,-,-,-,0.43,-
27-Jun-16,-,-,-,0.42,-
26-Jun-16,-,-,-,0.41,-
25-Jun-16,-,-,-,0.41,-
24-Jun-16,-,-,-,0.40,-
23-Jun-16,-,-,-,0.38,-
22-Jun-16,-,-,-,0.37,-
21-Jun-16,-,-,-,0.36,-
20-Jun-16,-,-,-,0.36,-
19-Jun-16,-,-,-,0.36,-
18-Jun-16,-,-,-,0.36,-
17-Jun-16,-,-,-,0.36,-
16-Jun-16,-,-,-,0.37,-
15-Jun-16,-,-,-,0.38,-
14-Jun-16,-,-,-,0.39,-
13-Jun-16,-,-,-,0.39,-
12-Jun-16,-,-,-,0.40,-
11-Jun-16,-,-,-,0.40,-
10-Jun-16,-,-,-,0.41,-
9-Jun-16,-,-,-,0.41,-
8-Jun-16,-,-,-,0.41,-
7-Jun-16,-,-,-,0.41,-
6-Jun-16,-,-,-,0.41,-
5-Jun-16,-,-,-,0.37,-
4-Jun-16,-,-,-,0.36,-
3-Jun-16,-,-,-,0.36,-
2-Jun-16,-,-,-,0.35,-
1-Jun-16,-,-,-,0.34,-
31-May-16,-,-,-,0.34,-
30-May-16,-,-,-,0.34,-
29-May-16,-,-,-,0.37,-
28-May-16,-,-,-,0.37,-
27-May-16,-,-,-,0.37,-
26-May-16,-,-,-,0.38,-
25-May-16,-,-,-,0.38,-
24-May-16,-,-,-,0.37,-
23-May-16,-,-,-,0.36,-
22-May-16,-,-,-,0.37,-
21-May-16,-,-,-,0.37,-
20-May-16,-,-,-,0.37,-
19-May-16,-,-,-,0.37,-
18-May-16,-,-,-,0.38,-
17-May-16,-,-,-,0.38,-
16-May-16,-,-,-,0.39,-
15-May-16,-,-,-,0.38,-
14-May-16,-,-,-,0.38,-
13-May-16,-,-,-,0.38,-
12-May-16,-,-,-,0.37,-
11-May-16,-,-,-,0.37,-
10-May-16,-,-,-,0.37,-
9-May-16,-,-,-,0.37,-
8-May-16,-,-,-,0.37,-
7-May-16,-,-,-,0.38,-
6-May-16,-,-,-,0.38,-
5-May-16,-,-,-,0.38,-
4-May-16,-,-,-,0.39,-
3-May-16,-,-,-,0.39,-
2-May-16,-,-,-,0.39,-
1-May-16,-,-,-,0.38,-
30-Apr-16,-,-,-,0.38,-
29-Apr-16,-,-,-,0.38,-
28-Apr-16,-,-,-,0.38,-
27-Apr-16,-,-,-,0.39,-
26-Apr-16,-,-,-,0.39,-
25-Apr-16,-,-,-,0.40,-
24-Apr-16,-,-,-,0.42,-
23-Apr-16,-,-,-,0.43,-
22-Apr-16,-,-,-,0.44,-
21-Apr-16,-,-,-,0.46,-
20-Apr-16,-,-,-,0.48,-
19-Apr-16,-,-,-,0.50,-
18-Apr-16,-,-,-,0.50,-
17-Apr-16,-,-,-,0.50,-
16-Apr-16,-,-,-,0.51,-
15-Apr-16,-,-,-,0.51,-
14-Apr-16,-,-,-,0.50,-
13-Apr-16,-,-,-,0.49,-
12-Apr-16,-,-,-,0.48,-
11-Apr-16,-,-,-,0.48,-
10-Apr-16,-,-,-,0.48,-
9-Apr-16,-,-,-,0.48,-
8-Apr-16,-,-,-,0.48,-
7-Apr-16,-,-,-,0.49,-
6-Apr-16,-,-,-,0.49,-
5-Apr-16,-,-,-,0.50,-
4-Apr-16,-,-,-,0.50,-
3-Apr-16,-,-,-,0.50,-
2-Apr-16,-,-,-,0.49,-
1-Apr-16,-,-,-,0.48,-
31-Mar-16,-,-,-,0.46,-
30-Mar-16,-,-,-,0.45,-
29-Mar-16,-,-,-,0.44,-
28-Mar-16,-,-,-,0.44,-
27-Mar-16,-,-,-,0.43,-
26-Mar-16,-,-,-,0.44,-
25-Mar-16,-,-,-,0.45,-
24-Mar-16,-,-,-,0.46,-
23-Mar-16,-,-,-,0.47,-
22-Mar-16,-,-,-,0.48,-
21-Mar-16,-,-,-,0.47,-
20-Mar-16,-,-,-,0.46,-
19-Mar-16,-,-,-,0.46,-
18-Mar-16,-,-,-,0.46,-
17-Mar-16,-,-,-,0.46,-
16-Mar-16,-,-,-,0.45,-
15-Mar-16,-,-,-,0.45,-
14-Mar-16,-,-,-,0.45,-
13-Mar-16,-,-,-,0.46,-
12-Mar-16,-,-,-,0.46,-
11-Mar-16,-,-,-,0.46,-
10-Mar-16,-,-,-,0.47,-
9-Mar-16,-,-,-,0.48,-
8-Mar-16,-,-,-,0.48,-
7-Mar-16,-,-,-,0.48,-
6-Mar-16,-,-,-,0.48,-
5-Mar-16,-,-,-,0.48,-
4-Mar-16,-,-,-,0.48,-
3-Mar-16,-,-,-,0.47,-
2-Mar-16,-,-,-,0.47,-
1-Mar-16,-,-,-,0.46,-
29-Feb-16,-,-,-,0.46,-
28-Feb-16,-,-,-,0.46,-
27-Feb-16,-,-,-,0.46,-
26-Feb-16,-,-,-,0.45,-
25-Feb-16,-,-,-,0.45,-
24-Feb-16,-,-,-,0.45,-
23-Feb-16,-,-,-,0.45,-
22-Feb-16,-,-,-,0.45,-
21-Feb-16,-,-,-,0.43,-
20-Feb-16,-,-,-,0.42,-
19-Feb-16,-,-,-,0.42,-
18-Feb-16,-,-,-,0.42,-
17-Feb-16,-,-,-,0.42,-
16-Feb-16,-,-,-,0.42,-
15-Feb-16,-,-,-,0.42,-
14-Feb-16,-,-,-,0.43,-
13-Feb-16,-,-,-,0.43,-
12-Feb-16,-,-,-,0.43,-
11-Feb-16,-,-,-,0.43,-
10-Feb-16,-,-,-,0.42,-
9-Feb-16,-,-,-,0.43,-
8-Feb-16,-,-,-,0.43,-
7-Feb-16,-,-,-,0.44,-
6-Feb-16,-,-,-,0.45,-
5-Feb-16,-,-,-,0.46,-
4-Feb-16,-,-,-,0.47,-
3-Feb-16,-,-,-,0.48,-
2-Feb-16,-,-,-,0.48,-
1-Feb-16,-,-,-,0.48,-
31-Jan-16,-,-,-,0.47,-
30-Jan-16,-,-,-,0.46,-
29-Jan-16,-,-,-,0.45,-
28-Jan-16,-,-,-,0.44,-
27-Jan-16,-,-,-,0.44,-
26-Jan-16,-,-,-,0.44,-
25-Jan-16,-,-,-,0.44,-
24-Jan-16,-,-,-,0.42,-
23-Jan-16,-,-,-,0.42,-
22-Jan-16,-,-,-,0.42,-
21-Jan-16,-,-,-,0.43,-
20-Jan-16,-,-,-,0.43,-
19-Jan-16,-,-,-,0.44,-
18-Jan-16,-,-,-,0.44,-
17-Jan-16,-,-,-,0.46,-
16-Jan-16,-,-,-,0.46,-
15-Jan-16,-,-,-,0.46,-
14-Jan-16,-,-,-,0.46,-
13-Jan-16,-,-,-,0.46,-
12-Jan-16,-,-,-,0.45,-
11-Jan-16,-,-,-,0.45,-
10-Jan-16,-,-,-,0.46,-
9-Jan-16,-,-,-,0.46,-
8-Jan-16,-,-,-,0.46,-
7-Jan-16,-,-,-,0.43,-
6-Jan-16,-,-,-,0.42,-
5-Jan-16,-,-,-,0.43,-
4-Jan-16,-,-,-,0.43,-
3-Jan-16,-,-,-,0.43,-
2-Jan-16,-,-,-,0.42,-
1-Jan-16,-,-,-,0.42,-
31-Dec-15,-,-,-,0.40,-
30-Dec-15,-,-,-,0.38,-
29-Dec-15,-,-,-,0.36,-
28-Dec-15,-,-,-,0.36,-
27-Dec-15,-,-,-,0.35,-
26-Dec-15,-,-,-,0.35,-
25-Dec-15,-,-,-,0.35,-
24-Dec-15,-,-,-,0.40,-
23-Dec-15,-,-,-,0.43,-
22-Dec-15,-,-,-,0.44,-
21-Dec-15,-,-,-,0.44,-
20-Dec-15,-,-,-,0.44,-
19-Dec-15,-,-,-,0.44,-
18-Dec-15,-,-,-,0.44,-
17-Dec-15,-,-,-,0.44,-
16-Dec-15,-,-,-,0.43,-
15-Dec-15,-,-,-,0.43,-
14-Dec-15,-,-,-,0.43,-
13-Dec-15,-,-,-,0.43,-
12-Dec-15,-,-,-,0.44,-
11-Dec-15,-,-,-,0.45,-
10-Dec-15,-,-,-,0.45,-
9-Dec-15,-,-,-,0.46,-
8-Dec-15,-,-,-,0.47,-
7-Dec-15,-,-,-,0.47,-
6-Dec-15,-,-,-,0.47,-
5-Dec-15,-,-,-,0.47,-
4-Dec-15,-,-,-,0.46,-
3-Dec-15,-,-,-,0.42,-
2-Dec-15,-,-,-,0.38,-
1-Dec-15,-,-,-,0.36,-
30-Nov-15,-,-,-,0.36,-
29-Nov-15,-,-,-,0.35,-
28-Nov-15,-,-,-,0.35,-
27-Nov-15,-,-,-,0.36,-
26-Nov-15,-,-,-,0.40,-
25-Nov-15,-,-,-,0.44,-
24-Nov-15,-,-,-,0.46,-
23-Nov-15,-,-,-,0.46,-
22-Nov-15,-,-,-,0.47,-
21-Nov-15,-,-,-,0.46,-
20-Nov-15,-,-,-,0.45,-
19-Nov-15,-,-,-,0.45,-
18-Nov-15,-,-,-,0.45,-
17-Nov-15,-,-,-,0.45,-
16-Nov-15,-,-,-,0.45,-
15-Nov-15,-,-,-,0.45,-
14-Nov-15,-,-,-,0.46,-
13-Nov-15,-,-,-,0.47,-
12-Nov-15,-,-,-,0.47,-
11-Nov-15,-,-,-,0.47,-
10-Nov-15,-,-,-,0.48,-
9-Nov-15,-,-,-,0.49,-
8-Nov-15,-,-,-,0.49,-
7-Nov-15,-,-,-,0.49,-
6-Nov-15,-,-,-,0.48,-
5-Nov-15,-,-,-,0.48,-
4-Nov-15,-,-,-,0.48,-
3-Nov-15,-,-,-,0.47,-
2-Nov-15,-,-,-,0.46,-
1-Nov-15,-,-,-,0.46,-
31-Oct-15,-,-,-,0.46,-
30-Oct-15,-,-,-,0.47,-
29-Oct-15,-,-,-,0.47,-
28-Oct-15,-,-,-,0.48,-
27-Oct-15,-,-,-,0.47,-
26-Oct-15,-,-,-,0.47,-
25-Oct-15,-,-,-,0.46,-
24-Oct-15,-,-,-,0.46,-
23-Oct-15,-,-,-,0.45,-
22-Oct-15,-,-,-,0.45,-
21-Oct-15,-,-,-,0.45,-
20-Oct-15,-,-,-,0.45,-
19-Oct-15,-,-,-,0.46,-
18-Oct-15,-,-,-,0.45,-
17-Oct-15,-,-,-,0.45,-
16-Oct-15,-,-,-,0.46,-
15-Oct-15,-,-,-,0.46,-
14-Oct-15,-,-,-,0.45,-
13-Oct-15,-,-,-,0.46,-
12-Oct-15,-,-,-,0.46,-
11-Oct-15,-,-,-,0.47,-
10-Oct-15,-,-,-,0.47,-
9-Oct-15,-,-,-,0.47,-
8-Oct-15,-,-,-,0.45,-
7-Oct-15,-,-,-,0.46,-
6-Oct-15,-,-,-,0.45,-
5-Oct-15,-,-,-,0.45,-
4-Oct-15,-,-,-,0.45,-
3-Oct-15,-,-,-,0.45,-
2-Oct-15,-,-,-,0.44,-
1-Oct-15,-,-,-,0.44,-
30-Sep-15,-,-,-,0.44,-
29-Sep-15,-,-,-,0.44,-
28-Sep-15,-,-,-,0.43,-
27-Sep-15,-,-,-,0.42,-
26-Sep-15,-,-,-,0.42,-
25-Sep-15,-,-,-,0.42,-
24-Sep-15,-,-,-,0.42,-
23-Sep-15,-,-,-,0.42,-
22-Sep-15,-,-,-,0.42,-
21-Sep-15,-,-,-,0.43,-
20-Sep-15,-,-,-,0.43,-
19-Sep-15,-,-,-,0.42,-
18-Sep-15,-,-,-,0.43,-
17-Sep-15,-,-,-,0.43,-
16-Sep-15,-,-,-,0.43,-
15-Sep-15,-,-,-,0.43,-
14-Sep-15,-,-,-,0.42,-
13-Sep-15,-,-,-,0.39,-
12-Sep-15,-,-,-,0.39,-
11-Sep-15,-,-,-,0.39,-
10-Sep-15,-,-,-,0.38,-
9-Sep-15,-,-,-,0.39,-
8-Sep-15,-,-,-,0.40,-
7-Sep-15,-,-,-,0.40,-
6-Sep-15,-,-,-,0.45,-
5-Sep-15,-,-,-,0.46,-
4-Sep-15,-,-,-,0.46,-
3-Sep-15,-,-,-,0.48,-
2-Sep-15,-,-,-,0.49,-
1-Sep-15,-,-,-,0.49,-
31-Aug-15,-,-,-,0.51,-
30-Aug-15,-,-,-,0.53,-
29-Aug-15,-,-,-,0.53,-
28-Aug-15,-,-,-,0.54,-
27-Aug-15,-,-,-,0.53,-
26-Aug-15,-,-,-,0.52,-
25-Aug-15,-,-,-,0.52,-
24-Aug-15,-,-,-,0.50,-
23-Aug-15,-,-,-,0.47,-
22-Aug-15,-,-,-,0.47,-
21-Aug-15,-,-,-,0.47,-
20-Aug-15,-,-,-,0.47,-
19-Aug-15,-,-,-,0.47,-
18-Aug-15,-,-,-,0.46,-
17-Aug-15,-,-,-,0.47,-
16-Aug-15,-,-,-,0.47,-
15-Aug-15,-,-,-,0.47,-
14-Aug-15,-,-,-,0.47,-
13-Aug-15,-,-,-,0.46,-
12-Aug-15,-,-,-,0.47,-
11-Aug-15,-,-,-,0.47,-
10-Aug-15,-,-,-,0.47,-
9-Aug-15,-,-,-,0.47,-
8-Aug-15,-,-,-,0.47,-
7-Aug-15,-,-,-,0.47,-
6-Aug-15,-,-,-,0.48,-
5-Aug-15,-,-,-,0.48,-
4-Aug-15,-,-,-,0.48,-
3-Aug-15,-,-,-,0.48,-
2-Aug-15,-,-,-,0.48,-
1-Aug-15,-,-,-,0.49,-
31-Jul-15,-,-,-,0.48,-
30-Jul-15,-,-,-,0.48,-
29-Jul-15,-,-,-,0.48,-
28-Jul-15,-,-,-,0.48,-
27-Jul-15,-,-,-,0.49,-
26-Jul-15,-,-,-,0.49,-
25-Jul-15,-,-,-,0.49,-
24-Jul-15,-,-,-,0.50,-
23-Jul-15,-,-,-,0.51,-
22-Jul-15,-,-,-,0.52,-
21-Jul-15,-,-,-,0.52,-
20-Jul-15,-,-,-,0.52,-
19-Jul-15,-,-,-,0.52,-
18-Jul-15,-,-,-,0.52,-
17-Jul-15,-,-,-,0.52,-
16-Jul-15,-,-,-,0.52,-
15-Jul-15,-,-,-,0.51,-
14-Jul-15,-,-,-,0.51,-
13-Jul-15,-,-,-,0.50,-
12-Jul-15,-,-,-,0.50,-
11-Jul-15,-,-,-,0.50,-
10-Jul-15,-,-,-,0.49,-
9-Jul-15,-,-,-,0.45,-
8-Jul-15,-,-,-,0.44,-
7-Jul-15,-,-,-,0.43,-
6-Jul-15,-,-,-,0.44,-
5-Jul-15,-,-,-,0.44,-
4-Jul-15,-,-,-,0.43,-
3-Jul-15,-,-,-,0.44,-
2-Jul-15,-,-,-,0.46,-
1-Jul-15,-,-,-,0.47,-
30-Jun-15,-,-,-,0.48,-
29-Jun-15,-,-,-,0.47,-
28-Jun-15,-,-,-,0.47,-
27-Jun-15,-,-,-,0.47,-
26-Jun-15,-,-,-,0.47,-
25-Jun-15,-,-,-,0.48,-
24-Jun-15,-,-,-,0.48,-
23-Jun-15,-,-,-,0.47,-
22-Jun-15,-,-,-,0.47,-
21-Jun-15,-,-,-,0.46,-
20-Jun-15,-,-,-,0.46,-
19-Jun-15,-,-,-,0.46,-
18-Jun-15,-,-,-,0.46,-
17-Jun-15,-,-,-,0.46,-
16-Jun-15,-,-,-,0.46,-
15-Jun-15,-,-,-,0.46,-
14-Jun-15,-,-,-,0.45,-
13-Jun-15,-,-,-,0.46,-
12-Jun-15,-,-,-,0.46,-
11-Jun-15,-,-,-,0.46,-
10-Jun-15,-,-,-,0.45,-
9-Jun-15,-,-,-,0.46,-
8-Jun-15,-,-,-,0.46,-
7-Jun-15,-,-,-,0.47,-
6-Jun-15,-,-,-,0.47,-
5-Jun-15,-,-,-,0.48,-
4-Jun-15,-,-,-,0.49,-
3-Jun-15,-,-,-,0.49,-
2-Jun-15,-,-,-,0.49,-
1-Jun-15,-,-,-,0.49,-
31-May-15,-,-,-,0.45,-
30-May-15,-,-,-,0.44,-
29-May-15,-,-,-,0.43,-
28-May-15,-,-,-,0.42,-
27-May-15,-,-,-,0.42,-
26-May-15,-,-,-,0.42,-
25-May-15,-,-,-,0.41,-
24-May-15,-,-,-,0.45,-
23-May-15,-,-,-,0.46,-
22-May-15,-,-,-,0.47,-
21-May-15,-,-,-,0.49,-
20-May-15,-,-,-,0.48,-
19-May-15,-,-,-,0.47,-
18-May-15,-,-,-,0.47,-
17-May-15,-,-,-,0.47,-
16-May-15,-,-,-,0.47,-
15-May-15,-,-,-,0.46,-
14-May-15,-,-,-,0.46,-
13-May-15,-,-,-,0.46,-
12-May-15,-,-,-,0.46,-
11-May-15,-,-,-,0.47,-
10-May-15,-,-,-,0.47,-
9-May-15,-,-,-,0.47,-
8-May-15,-,-,-,0.46,-
7-May-15,-,-,-,0.46,-
6-May-15,-,-,-,0.45,-
5-May-15,-,-,-,0.46,-
4-May-15,-,-,-,0.46,-
3-May-15,-,-,-,0.46,-
2-May-15,-,-,-,0.46,-
1-May-15,-,-,-,0.48,-
30-Apr-15,-,-,-,0.49,-
29-Apr-15,-,-,-,0.49,-
28-Apr-15,-,-,-,0.49,-
27-Apr-15,-,-,-,0.50,-
26-Apr-15,-,-,-,0.50,-
25-Apr-15,-,-,-,0.50,-
24-Apr-15,-,-,-,0.49,-
23-Apr-15,-,-,-,0.49,-
22-Apr-15,-,-,-,0.50,-
21-Apr-15,-,-,-,0.52,-
20-Apr-15,-,-,-,0.54,-
19-Apr-15,-,-,-,0.56,-
18-Apr-15,-,-,-,0.57,-
17-Apr-15,-,-,-,0.59,-
16-Apr-15,-,-,-,0.61,-
15-Apr-15,-,-,-,0.61,-
14-Apr-15,-,-,-,0.60,-
13-Apr-15,-,-,-,0.59,-
12-Apr-15,-,-,-,0.58,-
11-Apr-15,-,-,-,0.57,-
10-Apr-15,-,-,-,0.56,-
9-Apr-15,-,-,-,0.54,-
8-Apr-15,-,-,-,0.54,-
7-Apr-15,-,-,-,0.54,-
6-Apr-15,-,-,-,0.54,-
5-Apr-15,-,-,-,0.54,-
4-Apr-15,-,-,-,0.54,-
3-Apr-15,-,-,-,0.54,-
2-Apr-15,-,-,-,0.55,-
1-Apr-15,-,-,-,0.55,-
31-Mar-15,-,-,-,0.54,-
30-Mar-15,-,-,-,0.54,-
29-Mar-15,-,-,-,0.53,-
28-Mar-15,-,-,-,0.54,-
27-Mar-15,-,-,-,0.54,-
26-Mar-15,-,-,-,0.55,-
25-Mar-15,-,-,-,0.55,-
24-Mar-15,-,-,-,0.55,-
23-Mar-15,-,-,-,0.56,-
22-Mar-15,-,-,-,0.56,-
21-Mar-15,-,-,-,0.56,-
20-Mar-15,-,-,-,0.55,-
19-Mar-15,-,-,-,0.55,-
18-Mar-15,-,-,-,0.54,-
17-Mar-15,-,-,-,0.53,-
16-Mar-15,-,-,-,0.53,-
15-Mar-15,-,-,-,0.53,-
14-Mar-15,-,-,-,0.53,-
13-Mar-15,-,-,-,0.53,-
12-Mar-15,-,-,-,0.53,-
11-Mar-15,-,-,-,0.53,-
10-Mar-15,-,-,-,0.52,-
9-Mar-15,-,-,-,0.52,-
8-Mar-15,-,-,-,0.53,-
7-Mar-15,-,-,-,0.53,-
6-Mar-15,-,-,-,0.54,-
5-Mar-15,-,-,-,0.54,-
4-Mar-15,-,-,-,0.54,-
3-Mar-15,-,-,-,0.55,-
2-Mar-15,-,-,-,0.56,-
1-Mar-15,-,-,-,0.56,-
28-Feb-15,-,-,-,0.56,-
27-Feb-15,-,-,-,0.56,-
26-Feb-15,-,-,-,0.57,-
25-Feb-15,-,-,-,0.57,-
24-Feb-15,-,-,-,0.56,-
23-Feb-15,-,-,-,0.55,-
22-Feb-15,-,-,-,0.53,-
21-Feb-15,-,-,-,0.53,-
20-Feb-15,-,-,-,0.53,-
19-Feb-15,-,-,-,0.53,-
18-Feb-15,-,-,-,0.54,-
17-Feb-15,-,-,-,0.55,-
16-Feb-15,-,-,-,0.55,-
15-Feb-15,-,-,-,0.57,-
14-Feb-15,-,-,-,0.57,-
13-Feb-15,-,-,-,0.57,-
12-Feb-15,-,-,-,0.56,-
11-Feb-15,-,-,-,0.56,-
10-Feb-15,-,-,-,0.56,-
9-Feb-15,-,-,-,0.58,-
8-Feb-15,-,-,-,0.57,-
7-Feb-15,-,-,-,0.58,-
6-Feb-15,-,-,-,0.58,-
5-Feb-15,-,-,-,0.58,-
4-Feb-15,-,-,-,0.59,-
3-Feb-15,-,-,-,0.59,-
2-Feb-15,-,-,-,0.58,-
1-Feb-15,-,-,-,0.58,-
31-Jan-15,-,-,-,0.58,-
30-Jan-15,-,-,-,0.58,-
29-Jan-15,-,-,-,0.58,-
28-Jan-15,-,-,-,0.58,-
27-Jan-15,-,-,-,0.57,-
26-Jan-15,-,-,-,0.56,-
25-Jan-15,-,-,-,0.54,-
24-Jan-15,-,-,-,0.54,-
23-Jan-15,-,-,-,0.53,-
22-Jan-15,-,-,-,0.53,-
21-Jan-15,-,-,-,0.52,-
20-Jan-15,-,-,-,0.52,-
19-Jan-15,-,-,-,0.52,-
18-Jan-15,-,-,-,0.55,-
17-Jan-15,-,-,-,0.55,-
16-Jan-15,-,-,-,0.54,-
15-Jan-15,-,-,-,0.55,-
14-Jan-15,-,-,-,0.54,-
13-Jan-15,-,-,-,0.54,-
12-Jan-15,-,-,-,0.54,-
11-Jan-15,-,-,-,0.55,-
10-Jan-15,-,-,-,0.55,-
9-Jan-15,-,-,-,0.56,-
8-Jan-15,-,-,-,0.55,-
7-Jan-15,-,-,-,0.51,-
6-Jan-15,-,-,-,0.51,-
5-Jan-15,-,-,-,0.51,-
4-Jan-15,-,-,-,0.50,-
3-Jan-15,-,-,-,0.50,-
2-Jan-15,-,-,-,0.49,-
1-Jan-15,-,-,-,0.46,-
31-Dec-14,-,-,-,0.44,-
30-Dec-14,-,-,-,0.42,-
29-Dec-14,-,-,-,0.43,-
28-Dec-14,-,-,-,0.43,-
27-Dec-14,-,-,-,0.43,-
26-Dec-14,-,-,-,0.43,-
25-Dec-14,-,-,-,0.46,-
24-Dec-14,-,-,-,0.52,-
23-Dec-14,-,-,-,0.54,-
22-Dec-14,-,-,-,0.53,-
21-Dec-14,-,-,-,0.52,-
20-Dec-14,-,-,-,0.52,-
19-Dec-14,-,-,-,0.52,-
18-Dec-14,-,-,-,0.50,-
17-Dec-14,-,-,-,0.49,-
16-Dec-14,-,-,-,0.48,-
15-Dec-14,-,-,-,0.48,-
14-Dec-14,-,-,-,0.48,-
13-Dec-14,-,-,-,0.49,-
12-Dec-14,-,-,-,0.49,-
11-Dec-14,-,-,-,0.50,-
10-Dec-14,-,-,-,0.50,-
9-Dec-14,-,-,-,0.52,-
8-Dec-14,-,-,-,0.52,-
7-Dec-14,-,-,-,0.53,-
6-Dec-14,-,-,-,0.52,-
5-Dec-14,-,-,-,0.51,-
4-Dec-14,-,-,-,0.48,-
3-Dec-14,-,-,-,0.44,-
2-Dec-14,-,-,-,0.41,-
1-Dec-14,-,-,-,0.41,-
30-Nov-14,-,-,-,0.41,-
29-Nov-14,-,-,-,0.41,-
28-Nov-14,-,-,-,0.41,-
27-Nov-14,-,-,-,0.44,-
26-Nov-14,-,-,-,0.49,-
25-Nov-14,-,-,-,0.50,-
24-Nov-14,-,-,-,0.50,-
23-Nov-14,-,-,-,0.51,-
22-Nov-14,-,-,-,0.51,-
21-Nov-14,-,-,-,0.51,-
20-Nov-14,-,-,-,0.51,-
19-Nov-14,-,-,-,0.51,-
18-Nov-14,-,-,-,0.51,-
17-Nov-14,-,-,-,0.51,-
16-Nov-14,-,-,-,0.51,-
15-Nov-14,-,-,-,0.51,-
14-Nov-14,-,-,-,0.52,-
13-Nov-14,-,-,-,0.51,-
12-Nov-14,-,-,-,0.51,-
11-Nov-14,-,-,-,0.52,-
10-Nov-14,-,-,-,0.52,-
9-Nov-14,-,-,-,0.53,-
8-Nov-14,-,-,-,0.53,-
7-Nov-14,-,-,-,0.53,-
6-Nov-14,-,-,-,0.53,-
5-Nov-14,-,-,-,0.54,-
4-Nov-14,-,-,-,0.53,-
3-Nov-14,-,-,-,0.52,-
2-Nov-14,-,-,-,0.52,-
1-Nov-14,-,-,-,0.51,-
31-Oct-14,-,-,-,0.50,-
30-Oct-14,-,-,-,0.50,-
29-Oct-14,-,-,-,0.50,-
28-Oct-14,-,-,-,0.50,-
27-Oct-14,-,-,-,0.50,-
26-Oct-14,-,-,-,0.51,-
25-Oct-14,-,-,-,0.51,-
24-Oct-14,-,-,-,0.50,-
23-Oct-14,-,-,-,0.50,-
22-Oct-14,-,-,-,0.50,-
21-Oct-14,-,-,-,0.49,-
20-Oct-14,-,-,-,0.49,-
19-Oct-14,-,-,-,0.49,-
18-Oct-14,-,-,-,0.48,-
17-Oct-14,-,-,-,0.49,-
16-Oct-14,-,-,-,0.49,-
15-Oct-14,-,-,-,0.49,-
14-Oct-14,-,-,-,0.48,-
13-Oct-14,-,-,-,0.48,-
12-Oct-14,-,-,-,0.49,-
11-Oct-14,-,-,-,0.49,-
10-Oct-14,-,-,-,0.49,-
9-Oct-14,-,-,-,0.49,-
8-Oct-14,-,-,-,0.49,-
7-Oct-14,-,-,-,0.49,-
6-Oct-14,-,-,-,0.48,-
5-Oct-14,-,-,-,0.48,-
4-Oct-14,-,-,-,0.48,-
3-Oct-14,-,-,-,0.47,-
2-Oct-14,-,-,-,0.47,-
1-Oct-14,-,-,-,0.47,-
30-Sep-14,-,-,-,0.46,-
29-Sep-14,-,-,-,0.46,-
28-Sep-14,-,-,-,0.46,-
27-Sep-14,-,-,-,0.46,-
26-Sep-14,-,-,-,0.46,-
25-Sep-14,-,-,-,0.47,-
24-Sep-14,-,-,-,0.48,-
23-Sep-14,-,-,-,0.49,-
22-Sep-14,-,-,-,0.50,-
21-Sep-14,-,-,-,0.50,-
20-Sep-14,-,-,-,0.50,-
19-Sep-14,-,-,-,0.50,-
18-Sep-14,-,-,-,0.49,-
17-Sep-14,-,-,-,0.49,-
16-Sep-14,-,-,-,0.49,-
15-Sep-14,-,-,-,0.48,-
14-Sep-14,-,-,-,0.48,-
13-Sep-14,-,-,-,0.48,-
12-Sep-14,-,-,-,0.48,-
11-Sep-14,-,-,-,0.49,-
10-Sep-14,-,-,-,0.49,-
9-Sep-14,-,-,-,0.49,-
8-Sep-14,-,-,-,0.50,-
7-Sep-14,-,-,-,0.46,-
6-Sep-14,-,-,-,0.45,-
5-Sep-14,-,-,-,0.46,-
4-Sep-14,-,-,-,0.45,-
3-Sep-14,-,-,-,0.46,-
2-Sep-14,-,-,-,0.45,-
1-Sep-14,-,-,-,0.46,-
31-Aug-14,-,-,-,0.50,-
30-Aug-14,-,-,-,0.50,-
29-Aug-14,-,-,-,0.50,-
28-Aug-14,-,-,-,0.49,-
27-Aug-14,-,-,-,0.50,-
26-Aug-14,-,-,-,0.50,-
25-Aug-14,-,-,-,0.50,-
24-Aug-14,-,-,-,0.51,-
23-Aug-14,-,-,-,0.51,-
22-Aug-14,-,-,-,0.51,-
21-Aug-14,-,-,-,0.51,-
20-Aug-14,-,-,-,0.51,-
19-Aug-14,-,-,-,0.51,-
18-Aug-14,-,-,-,0.50,-
17-Aug-14,-,-,-,0.49,-
16-Aug-14,-,-,-,0.50,-
15-Aug-14,-,-,-,0.49,-
14-Aug-14,-,-,-,0.49,-
13-Aug-14,-,-,-,0.48,-
12-Aug-14,-,-,-,0.47,-
11-Aug-14,-,-,-,0.48,-
10-Aug-14,-,-,-,0.48,-
9-Aug-14,-,-,-,0.48,-
8-Aug-14,-,-,-,0.49,-
7-Aug-14,-,-,-,0.49,-
6-Aug-14,-,-,-,0.51,-
5-Aug-14,-,-,-,0.51,-
4-Aug-14,-,-,-,0.51,-
3-Aug-14,-,-,-,0.51,-
2-Aug-14,-,-,-,0.51,-
1-Aug-14,-,-,-,0.51,-
31-Jul-14,-,-,-,0.50,-
30-Jul-14,-,-,-,0.50,-
29-Jul-14,-,-,-,0.51,-
28-Jul-14,-,-,-,0.51,-
27-Jul-14,-,-,-,0.51,-
26-Jul-14,-,-,-,0.51,-
25-Jul-14,-,-,-,0.52,-
24-Jul-14,-,-,-,0.52,-
23-Jul-14,-,-,-,0.53,-
22-Jul-14,-,-,-,0.53,-
21-Jul-14,-,-,-,0.53,-
20-Jul-14,-,-,-,0.54,-
19-Jul-14,-,-,-,0.53,-
18-Jul-14,-,-,-,0.52,-
17-Jul-14,-,-,-,0.52,-
16-Jul-14,-,-,-,0.52,-
15-Jul-14,-,-,-,0.51,-
14-Jul-14,-,-,-,0.51,-
13-Jul-14,-,-,-,0.51,-
12-Jul-14,-,-,-,0.51,-
11-Jul-14,-,-,-,0.51,-
10-Jul-14,-,-,-,0.48,-
9-Jul-14,-,-,-,0.47,-
8-Jul-14,-,-,-,0.48,-
7-Jul-14,-,-,-,0.48,-
6-Jul-14,-,-,-,0.47,-
5-Jul-14,-,-,-,0.47,-
4-Jul-14,-,-,-,0.47,-
3-Jul-14,-,-,-,0.50,-
2-Jul-14,-,-,-,0.50,-
1-Jul-14,-,-,-,0.50,-
30-Jun-14,-,-,-,0.50,-
29-Jun-14,-,-,-,0.49,-
28-Jun-14,-,-,-,0.49,-
27-Jun-14,-,-,-,0.49,-
26-Jun-14,-,-,-,0.50,-
25-Jun-14,-,-,-,0.50,-
24-Jun-14,-,-,-,0.50,-
23-Jun-14,-,-,-,0.49,-
22-Jun-14,-,-,-,0.49,-
21-Jun-14,-,-,-,0.49,-
20-Jun-14,-,-,-,0.48,-
19-Jun-14,-,-,-,0.47,-
18-Jun-14,-,-,-,0.47,-
17-Jun-14,-,-,-,0.47,-
16-Jun-14,-,-,-,0.47,-
15-Jun-14,-,-,-,0.48,-
14-Jun-14,-,-,-,0.48,-
13-Jun-14,-,-,-,0.49,-
12-Jun-14,-,-,-,0.50,-
11-Jun-14,-,-,-,0.50,-
10-Jun-14,-,-,-,0.50,-
9-Jun-14,-,-,-,0.51,-
8-Jun-14,-,-,-,0.50,-
7-Jun-14,-,-,-,0.50,-
6-Jun-14,-,-,-,0.51,-
5-Jun-14,-,-,-,0.51,-
4-Jun-14,-,-,-,0.51,-
3-Jun-14,-,-,-,0.51,-
2-Jun-14,-,-,-,0.51,-
1-Jun-14,-,-,-,0.47,-
31-May-14,-,-,-,0.46,-
30-May-14,-,-,-,0.45,-
29-May-14,-,-,-,0.44,-
28-May-14,-,-,-,0.43,-
27-May-14,-,-,-,0.42,-
26-May-14,-,-,-,0.42,-
25-May-14,-,-,-,0.45,-
24-May-14,-,-,-,0.45,-
23-May-14,-,-,-,0.45,-
22-May-14,-,-,-,0.46,-
21-May-14,-,-,-,0.46,-
20-May-14,-,-,-,0.47,-
19-May-14,-,-,-,0.48,-
18-May-14,-,-,-,0.48,-
17-May-14,-,-,-,0.48,-
16-May-14,-,-,-,0.48,-
15-May-14,-,-,-,0.48,-
14-May-14,-,-,-,0.47,-
13-May-14,-,-,-,0.47,-
12-May-14,-,-,-,0.46,-
11-May-14,-,-,-,0.46,-
10-May-14,-,-,-,0.47,-
9-May-14,-,-,-,0.47,-
8-May-14,-,-,-,0.47,-
7-May-14,-,-,-,0.48,-
6-May-14,-,-,-,0.49,-
5-May-14,-,-,-,0.48,-
4-May-14,-,-,-,0.48,-
3-May-14,-,-,-,0.47,-
2-May-14,-,-,-,0.47,-
1-May-14,-,-,-,0.47,-
30-Apr-14,-,-,-,0.47,-
29-Apr-14,-,-,-,0.47,-
28-Apr-14,-,-,-,0.47,-
27-Apr-14,-,-,-,0.47,-
26-Apr-14,-,-,-,0.47,-
25-Apr-14,-,-,-,0.47,-
24-Apr-14,-,-,-,0.47,-
23-Apr-14,-,-,-,0.46,-
22-Apr-14,-,-,-,0.46,-
21-Apr-14,-,-,-,0.48,-
20-Apr-14,-,-,-,0.51,-
19-Apr-14,-,-,-,0.53,-
18-Apr-14,-,-,-,0.55,-
17-Apr-14,-,-,-,0.57,-
16-Apr-14,-,-,-,0.59,-
15-Apr-14,-,-,-,0.60,-
14-Apr-14,-,-,-,0.59,-
13-Apr-14,-,-,-,0.57,-
12-Apr-14,-,-,-,0.57,-
11-Apr-14,-,-,-,0.56,-
10-Apr-14,-,-,-,0.56,-
9-Apr-14,-,-,-,0.56,-
8-Apr-14,-,-,-,0.56,-
7-Apr-14,-,-,-,0.57,-
6-Apr-14,-,-,-,0.58,-
5-Apr-14,-,-,-,0.59,-
4-Apr-14,-,-,-,0.59,-
3-Apr-14,-,-,-,0.58,-
2-Apr-14,-,-,-,0.58,-
1-Apr-14,-,-,-,0.57,-
31-Mar-14,-,-,-,0.56,-
30-Mar-14,-,-,-,0.55,-
29-Mar-14,-,-,-,0.55,-
28-Mar-14,-,-,-,0.54,-
27-Mar-14,-,-,-,0.54,-
26-Mar-14,-,-,-,0.53,-
25-Mar-14,-,-,-,0.53,-
24-Mar-14,-,-,-,0.54,-
23-Mar-14,-,-,-,0.54,-
22-Mar-14,-,-,-,0.54,-
21-Mar-14,-,-,-,0.54,-
20-Mar-14,-,-,-,0.54,-
19-Mar-14,-,-,-,0.55,-
18-Mar-14,-,-,-,0.55,-
17-Mar-14,-,-,-,0.55,-
16-Mar-14,-,-,-,0.54,-
15-Mar-14,-,-,-,0.55,-
14-Mar-14,-,-,-,0.56,-
13-Mar-14,-,-,-,0.56,-
12-Mar-14,-,-,-,0.57,-
11-Mar-14,-,-,-,0.58,-
10-Mar-14,-,-,-,0.59,-
9-Mar-14,-,-,-,0.59,-
8-Mar-14,-,-,-,0.59,-
7-Mar-14,-,-,-,0.59,-
6-Mar-14,-,-,-,0.60,-
5-Mar-14,-,-,-,0.60,-
4-Mar-14,-,-,-,0.60,-
3-Mar-14,-,-,-,0.60,-
2-Mar-14,-,-,-,0.60,-
1-Mar-14,-,-,-,0.59,-
28-Feb-14,-,-,-,0.57,-
27-Feb-14,-,-,-,0.56,-
26-Feb-14,-,-,-,0.56,-
25-Feb-14,-,-,-,0.56,-
24-Feb-14,-,-,-,0.55,-
23-Feb-14,-,-,-,0.54,-
22-Feb-14,-,-,-,0.54,-
21-Feb-14,-,-,-,0.55,-
20-Feb-14,-,-,-,0.55,-
19-Feb-14,-,-,-,0.54,-
18-Feb-14,-,-,-,0.54,-
17-Feb-14,-,-,-,0.55,-
16-Feb-14,-,-,-,0.56,-
15-Feb-14,-,-,-,0.56,-
14-Feb-14,-,-,-,0.57,-
13-Feb-14,-,-,-,0.57,-
12-Feb-14,-,-,-,0.58,-
11-Feb-14,-,-,-,0.58,-
10-Feb-14,-,-,-,0.57,-
9-Feb-14,-,-,-,0.56,-
8-Feb-14,-,-,-,0.56,-
7-Feb-14,-,-,-,0.56,-
6-Feb-14,-,-,-,0.55,-
5-Feb-14,-,-,-,0.56,-
4-Feb-14,-,-,-,0.56,-
3-Feb-14,-,-,-,0.55,-
2-Feb-14,-,-,-,0.56,-
1-Feb-14,-,-,-,0.55,-
31-Jan-14,-,-,-,0.55,-
30-Jan-14,-,-,-,0.56,-
29-Jan-14,-,-,-,0.56,-
28-Jan-14,-,-,-,0.55,-
27-Jan-14,-,-,-,0.56,-
26-Jan-14,-,-,-,0.53,-
25-Jan-14,-,-,-,0.53,-
24-Jan-14,-,-,-,0.53,-
23-Jan-14,-,-,-,0.52,-
22-Jan-14,-,-,-,0.53,-
21-Jan-14,-,-,-,0.55,-
20-Jan-14,-,-,-,0.56,-
19-Jan-14,-,-,-,0.58,-
18-Jan-14,-,-,-,0.58,-
17-Jan-14,-,-,-,0.58,-
16-Jan-14,-,-,-,0.59,-
15-Jan-14,-,-,-,0.58,-
14-Jan-14,-,-,-,0.57,-
13-Jan-14,-,-,-,0.56,-
12-Jan-14,-,-,-,0.57,-
11-Jan-14,-,-,-,0.57,-
10-Jan-14,-,-,-,0.57,-
9-Jan-14,-,-,-,0.56,-
8-Jan-14,-,-,-,0.58,-
7-Jan-14,-,-,-,0.54,-
6-Jan-14,-,-,-,0.54,-
5-Jan-14,-,-,-,0.55,-
4-Jan-14,-,-,-,0.54,-
3-Jan-14,-,-,-,0.54,-
2-Jan-14,-,-,-,0.54,-
1-Jan-14,-,-,-,0.52,-
31-Dec-13,-,-,-,0.50,-
30-Dec-13,-,-,-,0.47,-
29-Dec-13,-,-,-,0.45,-
28-Dec-13,-,-,-,0.45,-
27-Dec-13,-,-,-,0.45,-
26-Dec-13,-,-,-,0.46,-
25-Dec-13,-,-,-,0.47,-
24-Dec-13,-,-,-,0.51,-
23-Dec-13,-,-,-,0.54,-
22-Dec-13,-,-,-,0.55,-
21-Dec-13,-,-,-,0.54,-
20-Dec-13,-,-,-,0.53,-
19-Dec-13,-,-,-,0.51,-
18-Dec-13,-,-,-,0.50,-
17-Dec-13,-,-,-,0.50,-
16-Dec-13,-,-,-,0.49,-
15-Dec-13,-,-,-,0.48,-
14-Dec-13,-,-,-,0.49,-
13-Dec-13,-,-,-,0.49,-
12-Dec-13,-,-,-,0.49,-
11-Dec-13,-,-,-,0.49,-
10-Dec-13,-,-,-,0.48,-
9-Dec-13,-,-,-,0.49,-
8-Dec-13,-,-,-,0.49,-
7-Dec-13,-,-,-,0.49,-
6-Dec-13,-,-,-,0.48,-
5-Dec-13,-,-,-,0.46,-
4-Dec-13,-,-,-,0.42,-
3-Dec-13,-,-,-,0.42,-
2-Dec-13,-,-,-,0.42,-
1-Dec-13,-,-,-,0.41,-
30-Nov-13,-,-,-,0.41,-
29-Nov-13,-,-,-,0.43,-
28-Nov-13,-,-,-,0.45,-
27-Nov-13,-,-,-,0.50,-
26-Nov-13,-,-,-,0.50,-
25-Nov-13,-,-,-,0.50,-
24-Nov-13,-,-,-,0.52,-
23-Nov-13,-,-,-,0.52,-
22-Nov-13,-,-,-,0.53,-
21-Nov-13,-,-,-,0.53,-
20-Nov-13,-,-,-,0.53,-
19-Nov-13,-,-,-,0.54,-
18-Nov-13,-,-,-,0.54,-
17-Nov-13,-,-,-,0.53,-
16-Nov-13,-,-,-,0.53,-
15-Nov-13,-,-,-,0.52,-
14-Nov-13,-,-,-,0.52,-
13-Nov-13,-,-,-,0.52,-
12-Nov-13,-,-,-,0.52,-
11-Nov-13,-,-,-,0.52,-
10-Nov-13,-,-,-,0.53,-
9-Nov-13,-,-,-,0.53,-
8-Nov-13,-,-,-,0.53,-
7-Nov-13,-,-,-,0.54,-
6-Nov-13,-,-,-,0.54,-
5-Nov-13,-,-,-,0.55,-
4-Nov-13,-,-,-,0.54,-
3-Nov-13,-,-,-,0.54,-
2-Nov-13,-,-,-,0.54,-
1-Nov-13,-,-,-,0.53,-
31-Oct-13,-,-,-,0.52,-
30-Oct-13,-,-,-,0.52,-
29-Oct-13,-,-,-,0.52,-
28-Oct-13,-,-,-,0.52,-
27-Oct-13,-,-,-,0.52,-
26-Oct-13,-,-,-,0.51,-
25-Oct-13,-,-,-,0.53,-
24-Oct-13,-,-,-,0.53,-
23-Oct-13,-,-,-,0.54,-
22-Oct-13,-,-,-,0.55,-
21-Oct-13,-,-,-,0.54,-
20-Oct-13,-,-,-,0.54,-
19-Oct-13,-,-,-,0.55,-
18-Oct-13,-,-,-,0.55,-
17-Oct-13,-,-,-,0.56,-
16-Oct-13,-,-,-,0.57,-
15-Oct-13,-,-,-,0.58,-
14-Oct-13,-,-,-,0.57,-
13-Oct-13,-,-,-,0.57,-
12-Oct-13,-,-,-,0.56,-
11-Oct-13,-,-,-,0.55,-
10-Oct-13,-,-,-,0.53,-
9-Oct-13,-,-,-,0.51,-
8-Oct-13,-,-,-,0.48,-
7-Oct-13,-,-,-,0.49,-
6-Oct-13,-,-,-,0.49,-
5-Oct-13,-,-,-,0.49,-
4-Oct-13,-,-,-,0.49,-
3-Oct-13,-,-,-,0.48,-
2-Oct-13,-,-,-,0.48,-
1-Oct-13,-,-,-,0.49,-
30-Sep-13,-,-,-,0.49,-
29-Sep-13,-,-,-,0.49,-
28-Sep-13,-,-,-,0.49,-
27-Sep-13,-,-,-,0.49,-
26-Sep-13,-,-,-,0.49,-
25-Sep-13,-,-,-,0.50,-
24-Sep-13,-,-,-,0.50,-
23-Sep-13,-,-,-,0.50,-
22-Sep-13,-,-,-,0.50,-
21-Sep-13,-,-,-,0.50,-
20-Sep-13,-,-,-,0.50,-
19-Sep-13,-,-,-,0.50,-
18-Sep-13,-,-,-,0.49,-
17-Sep-13,-,-,-,0.48,-
16-Sep-13,-,-,-,0.49,-
15-Sep-13,-,-,-,0.49,-
14-Sep-13,-,-,-,0.49,-
13-Sep-13,-,-,-,0.49,-
12-Sep-13,-,-,-,0.49,-
11-Sep-13,-,-,-,0.49,-
10-Sep-13,-,-,-,0.49,-
9-Sep-13,-,-,-,0.47,-
8-Sep-13,-,-,-,0.43,-
7-Sep-13,-,-,-,0.42,-
6-Sep-13,-,-,-,0.42,-
5-Sep-13,-,-,-,0.41,-
4-Sep-13,-,-,-,0.40,-
3-Sep-13,-,-,-,0.40,-
2-Sep-13,-,-,-,0.40,-
1-Sep-13,-,-,-,0.44,-
31-Aug-13,-,-,-,0.44,-
30-Aug-13,-,-,-,0.45,-
29-Aug-13,-,-,-,0.45,-
28-Aug-13,-,-,-,0.46,-
27-Aug-13,-,-,-,0.45,-
26-Aug-13,-,-,-,0.46,-
25-Aug-13,-,-,-,0.45,-
24-Aug-13,-,-,-,0.45,-
23-Aug-13,-,-,-,0.45,-
22-Aug-13,-,-,-,0.46,-
21-Aug-13,-,-,-,0.46,-
20-Aug-13,-,-,-,0.46,-
19-Aug-13,-,-,-,0.47,-
18-Aug-13,-,-,-,0.47,-
17-Aug-13,-,-,-,0.47,-
16-Aug-13,-,-,-,0.46,-
15-Aug-13,-,-,-,0.46,-
14-Aug-13,-,-,-,0.46,-
13-Aug-13,-,-,-,0.47,-
12-Aug-13,-,-,-,0.47,-
11-Aug-13,-,-,-,0.48,-
10-Aug-13,-,-,-,0.48,-
9-Aug-13,-,-,-,0.49,-
8-Aug-13,-,-,-,0.50,-
7-Aug-13,-,-,-,0.51,-
6-Aug-13,-,-,-,0.51,-
5-Aug-13,-,-,-,0.51,-
4-Aug-13,-,-,-,0.52,-
3-Aug-13,-,-,-,0.52,-
2-Aug-13,-,-,-,0.51,-
1-Aug-13,-,-,-,0.51,-
31-Jul-13,-,-,-,0.50,-
30-Jul-13,-,-,-,0.50,-
29-Jul-13,-,-,-,0.50,-
28-Jul-13,-,-,-,0.49,-
27-Jul-13,-,-,-,0.50,-
26-Jul-13,-,-,-,0.50,-
25-Jul-13,-,-,-,0.51,-
24-Jul-13,-,-,-,0.52,-
23-Jul-13,-,-,-,0.52,-
22-Jul-13,-,-,-,0.51,-
21-Jul-13,-,-,-,0.52,-
20-Jul-13,-,-,-,0.51,-
19-Jul-13,-,-,-,0.52,-
18-Jul-13,-,-,-,0.51,-
17-Jul-13,-,-,-,0.51,-
16-Jul-13,-,-,-,0.51,-
15-Jul-13,-,-,-,0.51,-
14-Jul-13,-,-,-,0.52,-
13-Jul-13,-,-,-,0.51,-
12-Jul-13,-,-,-,0.51,-
11-Jul-13,-,-,-,0.48,-
10-Jul-13,-,-,-,0.44,-
9-Jul-13,-,-,-,0.43,-
8-Jul-13,-,-,-,0.42,-
7-Jul-13,-,-,-,0.42,-
6-Jul-13,-,-,-,0.41,-
5-Jul-13,-,-,-,0.41,-
4-Jul-13,-,-,-,0.41,-
3-Jul-13,-,-,-,0.45,-
2-Jul-13,-,-,-,0.46,-
1-Jul-13,-,-,-,0.46,-
30-Jun-13,-,-,-,0.46,-
29-Jun-13,-,-,-,0.46,-
28-Jun-13,-,-,-,0.46,-
27-Jun-13,-,-,-,0.46,-
26-Jun-13,-,-,-,0.47,-
25-Jun-13,-,-,-,0.47,-
24-Jun-13,-,-,-,0.48,-
23-Jun-13,-,-,-,0.48,-
22-Jun-13,-,-,-,0.48,-
21-Jun-13,-,-,-,0.48,-
20-Jun-13,-,-,-,0.48,-
19-Jun-13,-,-,-,0.47,-
18-Jun-13,-,-,-,0.47,-
17-Jun-13,-,-,-,0.45,-
16-Jun-13,-,-,-,0.46,-
15-Jun-13,-,-,-,0.46,-
14-Jun-13,-,-,-,0.47,-
13-Jun-13,-,-,-,0.47,-
12-Jun-13,-,-,-,0.47,-
11-Jun-13,-,-,-,0.47,-
10-Jun-13,-,-,-,0.48,-
9-Jun-13,-,-,-,0.48,-
8-Jun-13,-,-,-,0.48,-
7-Jun-13,-,-,-,0.48,-
6-Jun-13,-,-,-,0.49,-
5-Jun-13,-,-,-,0.50,-
4-Jun-13,-,-,-,0.51,-
3-Jun-13,-,-,-,0.51,-
2-Jun-13,-,-,-,0.45,-
1-Jun-13,-,-,-,0.45,-
31-May-13,-,-,-,0.44,-
30-May-13,-,-,-,0.43,-
29-May-13,-,-,-,0.42,-
28-May-13,-,-,-,0.42,-
27-May-13,-,-,-,0.42,-
26-May-13,-,-,-,0.47,-
25-May-13,-,-,-,0.47,-
24-May-13,-,-,-,0.48,-
23-May-13,-,-,-,0.50,-
22-May-13,-,-,-,0.51,-
21-May-13,-,-,-,0.51,-
20-May-13,-,-,-,0.52,-
19-May-13,-,-,-,0.52,-
18-May-13,-,-,-,0.52,-
17-May-13,-,-,-,0.51,-
16-May-13,-,-,-,0.51,-
15-May-13,-,-,-,0.51,-
14-May-13,-,-,-,0.51,-
13-May-13,-,-,-,0.51,-
12-May-13,-,-,-,0.51,-
11-May-13,-,-,-,0.52,-
10-May-13,-,-,-,0.51,-
9-May-13,-,-,-,0.52,-
8-May-13,-,-,-,0.52,-
7-May-13,-,-,-,0.51,-
6-May-13,-,-,-,0.51,-
5-May-13,-,-,-,0.51,-
4-May-13,-,-,-,0.51,-
3-May-13,-,-,-,0.51,-
2-May-13,-,-,-,0.50,-
1-May-13,-,-,-,0.50,-
30-Apr-13,-,-,-,0.51,-
29-Apr-13,-,-,-,0.53,-
28-Apr-13,-,-,-,0.52,-
27-Apr-13,-,-,-,0.53,-
26-Apr-13,-,-,-,0.52,-
25-Apr-13,-,-,-,0.51,-
24-Apr-13,-,-,-,0.51,-
23-Apr-13,-,-,-,0.49,-
22-Apr-13,-,-,-,0.47,-
21-Apr-13,-,-,-,0.50,-
20-Apr-13,-,-,-,0.52,-
19-Apr-13,-,-,-,0.54,-
18-Apr-13,-,-,-,0.57,-
17-Apr-13,-,-,-,0.59,-
16-Apr-13,-,-,-,0.62,-
15-Apr-13,-,-,-,0.63,-
14-Apr-13,-,-,-,0.62,-
13-Apr-13,-,-,-,0.61,-
12-Apr-13,-,-,-,0.61,-
11-Apr-13,-,-,-,0.60,-
10-Apr-13,-,-,-,0.59,-
9-Apr-13,-,-,-,0.58,-
8-Apr-13,-,-,-,0.57,-
7-Apr-13,-,-,-,0.57,-
6-Apr-13,-,-,-,0.57,-
5-Apr-13,-,-,-,0.56,-
4-Apr-13,-,-,-,0.54,-
3-Apr-13,-,-,-,0.54,-
2-Apr-13,-,-,-,0.54,-
1-Apr-13,-,-,-,0.54,-
31-Mar-13,-,-,-,0.54,-
30-Mar-13,-,-,-,0.55,-
29-Mar-13,-,-,-,0.55,-
28-Mar-13,-,-,-,0.56,-
27-Mar-13,-,-,-,0.56,-
26-Mar-13,-,-,-,0.56,-
25-Mar-13,-,-,-,0.56,-
24-Mar-13,-,-,-,0.55,-
23-Mar-13,-,-,-,0.55,-
22-Mar-13,-,-,-,0.55,-
21-Mar-13,-,-,-,0.55,-
20-Mar-13,-,-,-,0.55,-
19-Mar-13,-,-,-,0.55,-
18-Mar-13,-,-,-,0.56,-
17-Mar-13,-,-,-,0.56,-
16-Mar-13,-,-,-,0.56,-
15-Mar-13,-,-,-,0.57,-
14-Mar-13,-,-,-,0.58,-
13-Mar-13,-,-,-,0.58,-
12-Mar-13,-,-,-,0.60,-
11-Mar-13,-,-,-,0.59,-
10-Mar-13,-,-,-,0.59,-
9-Mar-13,-,-,-,0.59,-
8-Mar-13,-,-,-,0.59,-
7-Mar-13,-,-,-,0.58,-
6-Mar-13,-,-,-,0.58,-
5-Mar-13,-,-,-,0.57,-
4-Mar-13,-,-,-,0.56,-
3-Mar-13,-,-,-,0.55,-
2-Mar-13,-,-,-,0.54,-
1-Mar-13,-,-,-,0.54,-
28-Feb-13,-,-,-,0.53,-
27-Feb-13,-,-,-,0.52,-
26-Feb-13,-,-,-,0.52,-
25-Feb-13,-,-,-,0.52,-
24-Feb-13,-,-,-,0.51,-
23-Feb-13,-,-,-,0.51,-
22-Feb-13,-,-,-,0.50,-
21-Feb-13,-,-,-,0.51,-
20-Feb-13,-,-,-,0.52,-
19-Feb-13,-,-,-,0.51,-
18-Feb-13,-,-,-,0.52,-
17-Feb-13,-,-,-,0.53,-
16-Feb-13,-,-,-,0.53,-
15-Feb-13,-,-,-,0.53,-
14-Feb-13,-,-,-,0.54,-
13-Feb-13,-,-,-,0.53,-
12-Feb-13,-,-,-,0.54,-
11-Feb-13,-,-,-,0.55,-
10-Feb-13,-,-,-,0.55,-
9-Feb-13,-,-,-,0.56,-
8-Feb-13,-,-,-,0.58,-
7-Feb-13,-,-,-,0.59,-
6-Feb-13,-,-,-,0.60,-
5-Feb-13,-,-,-,0.61,-
4-Feb-13,-,-,-,0.61,-
3-Feb-13,-,-,-,0.62,-
2-Feb-13,-,-,-,0.62,-
1-Feb-13,-,-,-,0.60,-
31-Jan-13,-,-,-,0.59,-
30-Jan-13,-,-,-,0.60,-
29-Jan-13,-,-,-,0.60,-
28-Jan-13,-,-,-,0.58,-
27-Jan-13,-,-,-,0.55,-
26-Jan-13,-,-,-,0.55,-
25-Jan-13,-,-,-,0.54,-
24-Jan-13,-,-,-,0.54,-
23-Jan-13,-,-,-,0.52,-
22-Jan-13,-,-,-,0.51,-
21-Jan-13,-,-,-,0.52,-
20-Jan-13,-,-,-,0.55,-
19-Jan-13,-,-,-,0.55,-
18-Jan-13,-,-,-,0.54,-
17-Jan-13,-,-,-,0.55,-
16-Jan-13,-,-,-,0.55,-
15-Jan-13,-,-,-,0.55,-
14-Jan-13,-,-,-,0.55,-
13-Jan-13,-,-,-,0.56,-
12-Jan-13,-,-,-,0.56,-
11-Jan-13,-,-,-,0.56,-
10-Jan-13,-,-,-,0.56,-
9-Jan-13,-,-,-,0.58,-
8-Jan-13,-,-,-,0.60,-
7-Jan-13,-,-,-,0.57,-
6-Jan-13,-,-,-,0.56,-
5-Jan-13,-,-,-,0.56,-
4-Jan-13,-,-,-,0.55,-
3-Jan-13,-,-,-,0.54,-
2-Jan-13,-,-,-,0.51,-
1-Jan-13,-,-,-,0.47,-
31-Dec-12,-,-,-,0.44,-
30-Dec-12,-,-,-,0.41,-
29-Dec-12,-,-,-,0.40,-
28-Dec-12,-,-,-,0.39,-
27-Dec-12,-,-,-,0.38,-
26-Dec-12,-,-,-,0.37,-
25-Dec-12,-,-,-,0.39,-
24-Dec-12,-,-,-,0.45,-
23-Dec-12,-,-,-,0.48,-
22-Dec-12,-,-,-,0.48,-
21-Dec-12,-,-,-,0.48,-
20-Dec-12,-,-,-,0.48,-
19-Dec-12,-,-,-,0.48,-
18-Dec-12,-,-,-,0.49,-
17-Dec-12,-,-,-,0.48,-
16-Dec-12,-,-,-,0.48,-
15-Dec-12,-,-,-,0.49,-
14-Dec-12,-,-,-,0.49,-
13-Dec-12,-,-,-,0.49,-
12-Dec-12,-,-,-,0.49,-
11-Dec-12,-,-,-,0.48,-
10-Dec-12,-,-,-,0.48,-
9-Dec-12,-,-,-,0.48,-
8-Dec-12,-,-,-,0.49,-
7-Dec-12,-,-,-,0.48,-
6-Dec-12,-,-,-,0.48,-
5-Dec-12,-,-,-,0.49,-
4-Dec-12,-,-,-,0.49,-
3-Dec-12,-,-,-,0.49,-
2-Dec-12,-,-,-,0.48,-
1-Dec-12,-,-,-,0.47,-
30-Nov-12,-,-,-,0.47,-
29-Nov-12,-,-,-,0.44,-
28-Nov-12,-,-,-,0.39,-
27-Nov-12,-,-,-,0.37,-
26-Nov-12,-,-,-,0.37,-
25-Nov-12,-,-,-,0.38,-
24-Nov-12,-,-,-,0.37,-
23-Nov-12,-,-,-,0.38,-
22-Nov-12,-,-,-,0.41,-
21-Nov-12,-,-,-,0.45,-
20-Nov-12,-,-,-,0.47,-
19-Nov-12,-,-,-,0.47,-
18-Nov-12,-,-,-,0.46,-
17-Nov-12,-,-,-,0.46,-
16-Nov-12,-,-,-,0.46,-
15-Nov-12,-,-,-,0.45,-
14-Nov-12,-,-,-,0.46,-
13-Nov-12,-,-,-,0.45,-
12-Nov-12,-,-,-,0.45,-
11-Nov-12,-,-,-,0.45,-
10-Nov-12,-,-,-,0.45,-
9-Nov-12,-,-,-,0.45,-
8-Nov-12,-,-,-,0.45,-
7-Nov-12,-,-,-,0.45,-
6-Nov-12,-,-,-,0.44,-
5-Nov-12,-,-,-,0.43,-
4-Nov-12,-,-,-,0.41,-
3-Nov-12,-,-,-,0.40,-
2-Nov-12,-,-,-,0.40,-
1-Nov-12,-,-,-,0.39,-
31-Oct-12,-,-,-,0.39,-
30-Oct-12,-,-,-,0.40,-
29-Oct-12,-,-,-,0.41,-
28-Oct-12,-,-,-,0.44,-
27-Oct-12,-,-,-,0.44,-
26-Oct-12,-,-,-,0.45,-
25-Oct-12,-,-,-,0.45,-
24-Oct-12,-,-,-,0.46,-
23-Oct-12,-,-,-,0.47,-
22-Oct-12,-,-,-,0.47,-
21-Oct-12,-,-,-,0.48,-
20-Oct-12,-,-,-,0.48,-
19-Oct-12,-,-,-,0.48,-
18-Oct-12,-,-,-,0.48,-
17-Oct-12,-,-,-,0.48,-
16-Oct-12,-,-,-,0.48,-
15-Oct-12,-,-,-,0.48,-
14-Oct-12,-,-,-,0.47,-
13-Oct-12,-,-,-,0.47,-
12-Oct-12,-,-,-,0.47,-
11-Oct-12,-,-,-,0.48,-
10-Oct-12,-,-,-,0.48,-
9-Oct-12,-,-,-,0.48,-
8-Oct-12,-,-,-,0.48,-
7-Oct-12,-,-,-,0.49,-
6-Oct-12,-,-,-,0.49,-
5-Oct-12,-,-,-,0.49,-
4-Oct-12,-,-,-,0.48,-
3-Oct-12,-,-,-,0.48,-
2-Oct-12,-,-,-,0.48,-
1-Oct-12,-,-,-,0.48,-
30-Sep-12,-,-,-,0.48,-
29-Sep-12,-,-,-,0.47,-
28-Sep-12,-,-,-,0.47,-
27-Sep-12,-,-,-,0.48,-
26-Sep-12,-,-,-,0.48,-
25-Sep-12,-,-,-,0.48,-
24-Sep-12,-,-,-,0.47,-
23-Sep-12,-,-,-,0.47,-
22-Sep-12,-,-,-,0.48,-
21-Sep-12,-,-,-,0.48,-
20-Sep-12,-,-,-,0.49,-
19-Sep-12,-,-,-,0.49,-
18-Sep-12,-,-,-,0.50,-
17-Sep-12,-,-,-,0.50,-
16-Sep-12,-,-,-,0.51,-
15-Sep-12,-,-,-,0.51,-
14-Sep-12,-,-,-,0.51,-
13-Sep-12,-,-,-,0.50,-
12-Sep-12,-,-,-,0.50,-
11-Sep-12,-,-,-,0.50,-
10-Sep-12,-,-,-,0.49,-
9-Sep-12,-,-,-,0.44,-
8-Sep-12,-,-,-,0.43,-
7-Sep-12,-,-,-,0.43,-
6-Sep-12,-,-,-,0.41,-
5-Sep-12,-,-,-,0.40,-
4-Sep-12,-,-,-,0.39,-
3-Sep-12,-,-,-,0.40,-
2-Sep-12,-,-,-,0.44,-
1-Sep-12,-,-,-,0.45,-
31-Aug-12,-,-,-,0.45,-
30-Aug-12,-,-,-,0.46,-
29-Aug-12,-,-,-,0.46,-
28-Aug-12,-,-,-,0.46,-
27-Aug-12,-,-,-,0.47,-
26-Aug-12,-,-,-,0.48,-
25-Aug-12,-,-,-,0.48,-
24-Aug-12,-,-,-,0.48,-
23-Aug-12,-,-,-,0.49,-
22-Aug-12,-,-,-,0.50,-
21-Aug-12,-,-,-,0.49,-
20-Aug-12,-,-,-,0.48,-
19-Aug-12,-,-,-,0.47,-
18-Aug-12,-,-,-,0.47,-
17-Aug-12,-,-,-,0.46,-
16-Aug-12,-,-,-,0.45,-
15-Aug-12,-,-,-,0.44,-
14-Aug-12,-,-,-,0.45,-
13-Aug-12,-,-,-,0.46,-
12-Aug-12,-,-,-,0.46,-
11-Aug-12,-,-,-,0.46,-
10-Aug-12,-,-,-,0.46,-
9-Aug-12,-,-,-,0.46,-
8-Aug-12,-,-,-,0.47,-
7-Aug-12,-,-,-,0.46,-
6-Aug-12,-,-,-,0.46,-
5-Aug-12,-,-,-,0.45,-
4-Aug-12,-,-,-,0.45,-
3-Aug-12,-,-,-,0.45,-
2-Aug-12,-,-,-,0.45,-
1-Aug-12,-,-,-,0.46,-
31-Jul-12,-,-,-,0.46,-
30-Jul-12,-,-,-,0.47,-
29-Jul-12,-,-,-,0.48,-
28-Jul-12,-,-,-,0.48,-
27-Jul-12,-,-,-,0.48,-
26-Jul-12,-,-,-,0.47,-
25-Jul-12,-,-,-,0.47,-
24-Jul-12,-,-,-,0.47,-
23-Jul-12,-,-,-,0.48,-
22-Jul-12,-,-,-,0.47,-
21-Jul-12,-,-,-,0.47,-
20-Jul-12,-,-,-,0.48,-
19-Jul-12,-,-,-,0.49,-
18-Jul-12,-,-,-,0.48,-
17-Jul-12,-,-,-,0.48,-
16-Jul-12,-,-,-,0.48,-
15-Jul-12,-,-,-,0.48,-
14-Jul-12,-,-,-,0.48,-
13-Jul-12,-,-,-,0.48,-
12-Jul-12,-,-,-,0.48,-
11-Jul-12,-,-,-,0.48,-
10-Jul-12,-,-,-,0.45,-
9-Jul-12,-,-,-,0.44,-
8-Jul-12,-,-,-,0.44,-
7-Jul-12,-,-,-,0.44,-
6-Jul-12,-,-,-,0.44,-
5-Jul-12,-,-,-,0.44,-
4-Jul-12,-,-,-,0.44,-
3-Jul-12,-,-,-,0.47,-
2-Jul-12,-,-,-,0.47,-
1-Jul-12,-,-,-,0.48,-
30-Jun-12,-,-,-,0.48,-
29-Jun-12,-,-,-,0.47,-
28-Jun-12,-,-,-,0.46,-
27-Jun-12,-,-,-,0.46,-
26-Jun-12,-,-,-,0.47,-
25-Jun-12,-,-,-,0.47,-
24-Jun-12,-,-,-,0.47,-
23-Jun-12,-,-,-,0.47,-
22-Jun-12,-,-,-,0.47,-
21-Jun-12,-,-,-,0.48,-
20-Jun-12,-,-,-,0.47,-
19-Jun-12,-,-,-,0.47,-
18-Jun-12,-,-,-,0.46,-
17-Jun-12,-,-,-,0.46,-
16-Jun-12,-,-,-,0.47,-
15-Jun-12,-,-,-,0.46,-
14-Jun-12,-,-,-,0.46,-
13-Jun-12,-,-,-,0.47,-
12-Jun-12,-,-,-,0.47,-
11-Jun-12,-,-,-,0.47,-
10-Jun-12,-,-,-,0.48,-
9-Jun-12,-,-,-,0.47,-
8-Jun-12,-,-,-,0.47,-
7-Jun-12,-,-,-,0.46,-
6-Jun-12,-,-,-,0.46,-
5-Jun-12,-,-,-,0.46,-
4-Jun-12,-,-,-,0.46,-
3-Jun-12,-,-,-,0.41,-
2-Jun-12,-,-,-,0.41,-
1-Jun-12,-,-,-,0.40,-
31-May-12,-,-,-,0.40,-
30-May-12,-,-,-,0.40,-
29-May-12,-,-,-,0.40,-
28-May-12,-,-,-,0.40,-
27-May-12,-,-,-,0.44,-
26-May-12,-,-,-,0.44,-
25-May-12,-,-,-,0.44,-
24-May-12,-,-,-,0.46,-
23-May-12,-,-,-,0.46,-
22-May-12,-,-,-,0.47,-
21-May-12,-,-,-,0.46,-
20-May-12,-,-,-,0.47,-
19-May-12,-,-,-,0.47,-
18-May-12,-,-,-,0.47,-
17-May-12,-,-,-,0.46,-
16-May-12,-,-,-,0.46,-
15-May-12,-,-,-,0.45,-
14-May-12,-,-,-,0.45,-
13-May-12,-,-,-,0.45,-
12-May-12,-,-,-,0.45,-
11-May-12,-,-,-,0.45,-
10-May-12,-,-,-,0.46,-
9-May-12,-,-,-,0.46,-
8-May-12,-,-,-,0.48,-
7-May-12,-,-,-,0.49,-
6-May-12,-,-,-,0.49,-
5-May-12,-,-,-,0.50,-
4-May-12,-,-,-,0.51,-
3-May-12,-,-,-,0.51,-
2-May-12,-,-,-,0.51,-
1-May-12,-,-,-,0.51,-
30-Apr-12,-,-,-,0.50,-
29-Apr-12,-,-,-,0.49,-
28-Apr-12,-,-,-,0.48,-
27-Apr-12,-,-,-,0.48,-
26-Apr-12,-,-,-,0.47,-
25-Apr-12,-,-,-,0.47,-
24-Apr-12,-,-,-,0.48,-
23-Apr-12,-,-,-,0.50,-
22-Apr-12,-,-,-,0.52,-
21-Apr-12,-,-,-,0.54,-
20-Apr-12,-,-,-,0.56,-
19-Apr-12,-,-,-,0.58,-
18-Apr-12,-,-,-,0.61,-
17-Apr-12,-,-,-,0.62,-
16-Apr-12,-,-,-,0.62,-
15-Apr-12,-,-,-,0.61,-
14-Apr-12,-,-,-,0.60,-
13-Apr-12,-,-,-,0.59,-
12-Apr-12,-,-,-,0.56,-
11-Apr-12,-,-,-,0.53,-
10-Apr-12,-,-,-,0.52,-
9-Apr-12,-,-,-,0.53,-
8-Apr-12,-,-,-,0.53,-
7-Apr-12,-,-,-,0.54,-
6-Apr-12,-,-,-,0.54,-
5-Apr-12,-,-,-,0.56,-
4-Apr-12,-,-,-,0.57,-
3-Apr-12,-,-,-,0.56,-
2-Apr-12,-,-,-,0.56,-
1-Apr-12,-,-,-,0.56,-
31-Mar-12,-,-,-,0.56,-
30-Mar-12,-,-,-,0.57,-
29-Mar-12,-,-,-,0.57,-
28-Mar-12,-,-,-,0.57,-
27-Mar-12,-,-,-,0.57,-
26-Mar-12,-,-,-,0.56,-
25-Mar-12,-,-,-,0.56,-
24-Mar-12,-,-,-,0.56,-
23-Mar-12,-,-,-,0.55,-
22-Mar-12,-,-,-,0.55,-
21-Mar-12,-,-,-,0.56,-
20-Mar-12,-,-,-,0.57,-
19-Mar-12,-,-,-,0.58,-
18-Mar-12,-,-,-,0.57,-
17-Mar-12,-,-,-,0.57,-
16-Mar-12,-,-,-,0.57,-
15-Mar-12,-,-,-,0.57,-
14-Mar-12,-,-,-,0.56,-
13-Mar-12,-,-,-,0.55,-
12-Mar-12,-,-,-,0.53,-
11-Mar-12,-,-,-,0.53,-
10-Mar-12,-,-,-,0.53,-
9-Mar-12,-,-,-,0.55,-
8-Mar-12,-,-,-,0.55,-
7-Mar-12,-,-,-,0.56,-
6-Mar-12,-,-,-,0.57,-
5-Mar-12,-,-,-,0.58,-
4-Mar-12,-,-,-,0.58,-
3-Mar-12,-,-,-,0.58,-
2-Mar-12,-,-,-,0.59,-
1-Mar-12,-,-,-,0.58,-
29-Feb-12,-,-,-,0.58,-
28-Feb-12,-,-,-,0.57,-
27-Feb-12,-,-,-,0.56,-
26-Feb-12,-,-,-,0.54,-
25-Feb-12,-,-,-,0.54,-
24-Feb-12,-,-,-,0.54,-
23-Feb-12,-,-,-,0.55,-
22-Feb-12,-,-,-,0.55,-
21-Feb-12,-,-,-,0.56,-
20-Feb-12,-,-,-,0.56,-
19-Feb-12,-,-,-,0.58,-
18-Feb-12,-,-,-,0.58,-
17-Feb-12,-,-,-,0.57,-
16-Feb-12,-,-,-,0.56,-
15-Feb-12,-,-,-,0.56,-
14-Feb-12,-,-,-,0.56,-
13-Feb-12,-,-,-,0.56,-
12-Feb-12,-,-,-,0.57,-
11-Feb-12,-,-,-,0.57,-
10-Feb-12,-,-,-,0.59,-
9-Feb-12,-,-,-,0.60,-
8-Feb-12,-,-,-,0.61,-
7-Feb-12,-,-,-,0.62,-
6-Feb-12,-,-,-,0.63,-
5-Feb-12,-,-,-,0.63,-
4-Feb-12,-,-,-,0.63,-
3-Feb-12,-,-,-,0.62,-
2-Feb-12,-,-,-,0.61,-
1-Feb-12,-,-,-,0.61,-
31-Jan-12,-,-,-,0.60,-
30-Jan-12,-,-,-,0.60,-
29-Jan-12,-,-,-,0.60,-
28-Jan-12,-,-,-,0.59,-
27-Jan-12,-,-,-,0.59,-
26-Jan-12,-,-,-,0.59,-
25-Jan-12,-,-,-,0.58,-
24-Jan-12,-,-,-,0.58,-
23-Jan-12,-,-,-,0.58,-
22-Jan-12,-,-,-,0.56,-
21-Jan-12,-,-,-,0.56,-
20-Jan-12,-,-,-,0.55,-
19-Jan-12,-,-,-,0.55,-
18-Jan-12,-,-,-,0.54,-
17-Jan-12,-,-,-,0.53,-
16-Jan-12,-,-,-,0.53,-
15-Jan-12,-,-,-,0.55,-
14-Jan-12,-,-,-,0.56,-
13-Jan-12,-,-,-,0.56,-
12-Jan-12,-,-,-,0.55,-
11-Jan-12,-,-,-,0.55,-
10-Jan-12,-,-,-,0.57,-
9-Jan-12,-,-,-,0.57,-
8-Jan-12,-,-,-,0.54,-
7-Jan-12,-,-,-,0.54,-
6-Jan-12,-,-,-,0.54,-
5-Jan-12,-,-,-,0.53,-
4-Jan-12,-,-,-,0.52,-
3-Jan-12,-,-,-,0.51,-
2-Jan-12,-,-,-,0.49,-
1-Jan-12,-,-,-,0.48,-
31-Dec-11,-,-,-,0.47,-
30-Dec-11,-,-,-,0.45,-
29-Dec-11,-,-,-,0.45,-
28-Dec-11,-,-,-,0.44,-
27-Dec-11,-,-,-,0.44,-
26-Dec-11,-,-,-,0.44,-
25-Dec-11,-,-,-,0.47,-
24-Dec-11,-,-,-,0.47,-
23-Dec-11,-,-,-,0.47,-
22-Dec-11,-,-,-,0.47,-
21-Dec-11,-,-,-,0.47,-
20-Dec-11,-,-,-,0.46,-
19-Dec-11,-,-,-,0.46,-
18-Dec-11,-,-,-,0.46,-
17-Dec-11,-,-,-,0.47,-
16-Dec-11,-,-,-,0.47,-
15-Dec-11,-,-,-,0.47,-
14-Dec-11,-,-,-,0.48,-
13-Dec-11,-,-,-,0.49,-
12-Dec-11,-,-,-,0.50,-
11-Dec-11,-,-,-,0.51,-
10-Dec-11,-,-,-,0.51,-
9-Dec-11,-,-,-,0.51,-
8-Dec-11,-,-,-,0.51,-
7-Dec-11,-,-,-,0.53,-
6-Dec-11,-,-,-,0.54,-
5-Dec-11,-,-,-,0.54,-
4-Dec-11,-,-,-,0.53,-
3-Dec-11,-,-,-,0.53,-
2-Dec-11,-,-,-,0.51,-
1-Dec-11,-,-,-,0.47,-
30-Nov-11,-,-,-,0.40,-
29-Nov-11,-,-,-,0.38,-
28-Nov-11,-,-,-,0.37,-
27-Nov-11,-,-,-,0.37,-
26-Nov-11,-,-,-,0.36,-
25-Nov-11,-,-,-,0.38,-
24-Nov-11,-,-,-,0.41,-
23-Nov-11,-,-,-,0.46,-
22-Nov-11,-,-,-,0.47,-
21-Nov-11,-,-,-,0.48,-
20-Nov-11,-,-,-,0.48,-
19-Nov-11,-,-,-,0.48,-
18-Nov-11,-,-,-,0.48,-
17-Nov-11,-,-,-,0.48,-
16-Nov-11,-,-,-,0.48,-
15-Nov-11,-,-,-,0.48,-
14-Nov-11,-,-,-,0.48,-
13-Nov-11,-,-,-,0.48,-
12-Nov-11,-,-,-,0.48,-
11-Nov-11,-,-,-,0.48,-
10-Nov-11,-,-,-,0.49,-
9-Nov-11,-,-,-,0.50,-
8-Nov-11,-,-,-,0.50,-
7-Nov-11,-,-,-,0.50,-
6-Nov-11,-,-,-,0.51,-
5-Nov-11,-,-,-,0.51,-
4-Nov-11,-,-,-,0.52,-
3-Nov-11,-,-,-,0.53,-
2-Nov-11,-,-,-,0.55,-
1-Nov-11,-,-,-,0.55,-
31-Oct-11,-,-,-,0.55,-
30-Oct-11,-,-,-,0.57,-
29-Oct-11,-,-,-,0.57,-
28-Oct-11,-,-,-,0.56,-
27-Oct-11,-,-,-,0.55,-
26-Oct-11,-,-,-,0.53,-
25-Oct-11,-,-,-,0.53,-
24-Oct-11,-,-,-,0.52,-
23-Oct-11,-,-,-,0.50,-
22-Oct-11,-,-,-,0.50,-
21-Oct-11,-,-,-,0.50,-
20-Oct-11,-,-,-,0.50,-
19-Oct-11,-,-,-,0.51,-
18-Oct-11,-,-,-,0.50,-
17-Oct-11,-,-,-,0.51,-
16-Oct-11,-,-,-,0.51,-
15-Oct-11,-,-,-,0.51,-
14-Oct-11,-,-,-,0.50,-
13-Oct-11,-,-,-,0.50,-
12-Oct-11,-,-,-,0.50,-
11-Oct-11,-,-,-,0.51,-
10-Oct-11,-,-,-,0.51,-
9-Oct-11,-,-,-,0.52,-
8-Oct-11,-,-,-,0.52,-
7-Oct-11,-,-,-,0.53,-
6-Oct-11,-,-,-,0.52,-
5-Oct-11,-,-,-,0.51,-
4-Oct-11,-,-,-,0.51,-
3-Oct-11,-,-,-,0.50,-
2-Oct-11,-,-,-,0.49,-
1-Oct-11,-,-,-,0.49,-
30-Sep-11,-,-,-,0.48,-
29-Sep-11,-,-,-,0.48,-
28-Sep-11,-,-,-,0.49,-
27-Sep-11,-,-,-,0.49,-
26-Sep-11,-,-,-,0.48,-
25-Sep-11,-,-,-,0.48,-
24-Sep-11,-,-,-,0.48,-
23-Sep-11,-,-,-,0.48,-
22-Sep-11,-,-,-,0.48,-
21-Sep-11,-,-,-,0.47,-
20-Sep-11,-,-,-,0.48,-
19-Sep-11,-,-,-,0.48,-
18-Sep-11,-,-,-,0.48,-
17-Sep-11,-,-,-,0.48,-
16-Sep-11,-,-,-,0.48,-
15-Sep-11,-,-,-,0.47,-
14-Sep-11,-,-,-,0.48,-
13-Sep-11,-,-,-,0.49,-
12-Sep-11,-,-,-,0.48,-
11-Sep-11,-,-,-,0.44,-
10-Sep-11,-,-,-,0.44,-
9-Sep-11,-,-,-,0.43,-
8-Sep-11,-,-,-,0.43,-
7-Sep-11,-,-,-,0.43,-
6-Sep-11,-,-,-,0.43,-
5-Sep-11,-,-,-,0.44,-
4-Sep-11,-,-,-,0.48,-
3-Sep-11,-,-,-,0.49,-
2-Sep-11,-,-,-,0.50,-
1-Sep-11,-,-,-,0.50,-
31-Aug-11,-,-,-,0.49,-
30-Aug-11,-,-,-,0.50,-
29-Aug-11,-,-,-,0.49,-
28-Aug-11,-,-,-,0.49,-
27-Aug-11,-,-,-,0.48,-
26-Aug-11,-,-,-,0.48,-
25-Aug-11,-,-,-,0.48,-
24-Aug-11,-,-,-,0.49,-
23-Aug-11,-,-,-,0.49,-
22-Aug-11,-,-,-,0.49,-
21-Aug-11,-,-,-,0.50,-
20-Aug-11,-,-,-,0.51,-
19-Aug-11,-,-,-,0.53,-
18-Aug-11,-,-,-,0.54,-
17-Aug-11,-,-,-,0.55,-
16-Aug-11,-,-,-,0.57,-
15-Aug-11,-,-,-,0.60,-
14-Aug-11,-,-,-,0.63,-
13-Aug-11,-,-,-,0.63,-
12-Aug-11,-,-,-,0.63,-
11-Aug-11,-,-,-,0.65,-
10-Aug-11,-,-,-,0.64,-
9-Aug-11,-,-,-,0.63,-
8-Aug-11,-,-,-,0.60,-
7-Aug-11,-,-,-,0.58,-
6-Aug-11,-,-,-,0.57,-
5-Aug-11,-,-,-,0.56,-
4-Aug-11,-,-,-,0.54,-
3-Aug-11,-,-,-,0.54,-
2-Aug-11,-,-,-,0.53,-
1-Aug-11,-,-,-,0.52,-
31-Jul-11,-,-,-,0.52,-
30-Jul-11,-,-,-,0.52,-
29-Jul-11,-,-,-,0.53,-
28-Jul-11,-,-,-,0.53,-
27-Jul-11,-,-,-,0.53,-
26-Jul-11,-,-,-,0.52,-
25-Jul-11,-,-,-,0.53,-
24-Jul-11,-,-,-,0.53,-
23-Jul-11,-,-,-,0.53,-
22-Jul-11,-,-,-,0.52,-
21-Jul-11,-,-,-,0.52,-
20-Jul-11,-,-,-,0.52,-
19-Jul-11,-,-,-,0.52,-
18-Jul-11,-,-,-,0.51,-
17-Jul-11,-,-,-,0.51,-
16-Jul-11,-,-,-,0.51,-
15-Jul-11,-,-,-,0.52,-
14-Jul-11,-,-,-,0.52,-
13-Jul-11,-,-,-,0.53,-
12-Jul-11,-,-,-,0.54,-
11-Jul-11,-,-,-,0.54,-
10-Jul-11,-,-,-,0.50,-
9-Jul-11,-,-,-,0.50,-
8-Jul-11,-,-,-,0.51,-
7-Jul-11,-,-,-,0.51,-
6-Jul-11,-,-,-,0.52,-
5-Jul-11,-,-,-,0.52,-
4-Jul-11,-,-,-,0.51,-
3-Jul-11,-,-,-,0.55,-
2-Jul-11,-,-,-,0.54,-
1-Jul-11,-,-,-,0.53,-
30-Jun-11,-,-,-,0.51,-
29-Jun-11,-,-,-,0.50,-
28-Jun-11,-,-,-,0.49,-
27-Jun-11,-,-,-,0.49,-
26-Jun-11,-,-,-,0.50,-
25-Jun-11,-,-,-,0.50,-
24-Jun-11,-,-,-,0.50,-
23-Jun-11,-,-,-,0.51,-
22-Jun-11,-,-,-,0.50,-
21-Jun-11,-,-,-,0.51,-
20-Jun-11,-,-,-,0.51,-
19-Jun-11,-,-,-,0.51,-
18-Jun-11,-,-,-,0.51,-
17-Jun-11,-,-,-,0.51,-
16-Jun-11,-,-,-,0.51,-
15-Jun-11,-,-,-,0.52,-
14-Jun-11,-,-,-,0.51,-
13-Jun-11,-,-,-,0.51,-
12-Jun-11,-,-,-,0.51,-
11-Jun-11,-,-,-,0.50,-
10-Jun-11,-,-,-,0.49,-
9-Jun-11,-,-,-,0.50,-
8-Jun-11,-,-,-,0.50,-
7-Jun-11,-,-,-,0.51,-
6-Jun-11,-,-,-,0.51,-
5-Jun-11,-,-,-,0.47,-
4-Jun-11,-,-,-,0.47,-
3-Jun-11,-,-,-,0.47,-
2-Jun-11,-,-,-,0.46,-
1-Jun-11,-,-,-,0.45,-
31-May-11,-,-,-,0.44,-
30-May-11,-,-,-,0.43,-
29-May-11,-,-,-,0.48,-
28-May-11,-,-,-,0.49,-
27-May-11,-,-,-,0.48,-
26-May-11,-,-,-,0.49,-
25-May-11,-,-,-,0.49,-
24-May-11,-,-,-,0.49,-
23-May-11,-,-,-,0.50,-
22-May-11,-,-,-,0.51,-
21-May-11,-,-,-,0.51,-
20-May-11,-,-,-,0.52,-
19-May-11,-,-,-,0.52,-
18-May-11,-,-,-,0.52,-
17-May-11,-,-,-,0.52,-
16-May-11,-,-,-,0.53,-
15-May-11,-,-,-,0.53,-
14-May-11,-,-,-,0.53,-
13-May-11,-,-,-,0.52,-
12-May-11,-,-,-,0.54,-
11-May-11,-,-,-,0.54,-
10-May-11,-,-,-,0.54,-
9-May-11,-,-,-,0.53,-
8-May-11,-,-,-,0.53,-
7-May-11,-,-,-,0.54,-
6-May-11,-,-,-,0.54,-
5-May-11,-,-,-,0.54,-
4-May-11,-,-,-,0.55,-
3-May-11,-,-,-,0.56,-
2-May-11,-,-,-,0.57,-
1-May-11,-,-,-,0.57,-
30-Apr-11,-,-,-,0.56,-
29-Apr-11,-,-,-,0.55,-
28-Apr-11,-,-,-,0.54,-
27-Apr-11,-,-,-,0.55,-
26-Apr-11,-,-,-,0.55,-
25-Apr-11,-,-,-,0.54,-
24-Apr-11,-,-,-,0.55,-
23-Apr-11,-,-,-,0.57,-
22-Apr-11,-,-,-,0.60,-
21-Apr-11,-,-,-,0.63,-
20-Apr-11,-,-,-,0.63,-
19-Apr-11,-,-,-,0.64,-
18-Apr-11,-,-,-,0.65,-
17-Apr-11,-,-,-,0.66,-
16-Apr-11,-,-,-,0.66,-
15-Apr-11,-,-,-,0.66,-
14-Apr-11,-,-,-,0.66,-
13-Apr-11,-,-,-,0.65,-
12-Apr-11,-,-,-,0.65,-
11-Apr-11,-,-,-,0.65,-
10-Apr-11,-,-,-,0.65,-
9-Apr-11,-,-,-,0.65,-
8-Apr-11,-,-,-,0.66,-
7-Apr-11,-,-,-,0.67,-
6-Apr-11,-,-,-,0.67,-
5-Apr-11,-,-,-,0.67,-
4-Apr-11,-,-,-,0.66,-
3-Apr-11,-,-,-,0.65,-
2-Apr-11,-,-,-,0.65,-
1-Apr-11,-,-,-,0.64,-
31-Mar-11,-,-,-,0.64,-
30-Mar-11,-,-,-,0.64,-
29-Mar-11,-,-,-,0.63,-
28-Mar-11,-,-,-,0.64,-
27-Mar-11,-,-,-,0.64,-
26-Mar-11,-,-,-,0.64,-
25-Mar-11,-,-,-,0.63,-
24-Mar-11,-,-,-,0.62,-
23-Mar-11,-,-,-,0.61,-
22-Mar-11,-,-,-,0.61,-
21-Mar-11,-,-,-,0.61,-
20-Mar-11,-,-,-,0.60,-
19-Mar-11,-,-,-,0.60,-
18-Mar-11,-,-,-,0.60,-
17-Mar-11,-,-,-,0.60,-
16-Mar-11,-,-,-,0.60,-
15-Mar-11,-,-,-,0.60,-
14-Mar-11,-,-,-,0.60,-
13-Mar-11,-,-,-,0.60,-
12-Mar-11,-,-,-,0.61,-
11-Mar-11,-,-,-,0.62,-
10-Mar-11,-,-,-,0.62,-
9-Mar-11,-,-,-,0.63,-
8-Mar-11,-,-,-,0.63,-
7-Mar-11,-,-,-,0.64,-
6-Mar-11,-,-,-,0.64,-
5-Mar-11,-,-,-,0.64,-
4-Mar-11,-,-,-,0.63,-
3-Mar-11,-,-,-,0.63,-
2-Mar-11,-,-,-,0.62,-
1-Mar-11,-,-,-,0.62,-
28-Feb-11,-,-,-,0.61,-
27-Feb-11,-,-,-,0.58,-
26-Feb-11,-,-,-,0.59,-
25-Feb-11,-,-,-,0.60,-
24-Feb-11,-,-,-,0.61,-
23-Feb-11,-,-,-,0.62,-
22-Feb-11,-,-,-,0.62,-
21-Feb-11,-,-,-,0.63,-
20-Feb-11,-,-,-,0.65,-
19-Feb-11,-,-,-,0.65,-
18-Feb-11,-,-,-,0.64,-
17-Feb-11,-,-,-,0.65,-
16-Feb-11,-,-,-,0.65,-
15-Feb-11,-,-,-,0.65,-
14-Feb-11,-,-,-,0.65,-
13-Feb-11,-,-,-,0.66,-
12-Feb-11,-,-,-,0.65,-
11-Feb-11,-,-,-,0.65,-
10-Feb-11,-,-,-,0.65,-
9-Feb-11,-,-,-,0.65,-
8-Feb-11,-,-,-,0.66,-
7-Feb-11,-,-,-,0.66,-
6-Feb-11,-,-,-,0.66,-
5-Feb-11,-,-,-,0.67,-
4-Feb-11,-,-,-,0.67,-
3-Feb-11,-,-,-,0.67,-
2-Feb-11,-,-,-,0.67,-
1-Feb-11,-,-,-,0.67,-
31-Jan-11,-,-,-,0.67,-
30-Jan-11,-,-,-,0.67,-
29-Jan-11,-,-,-,0.66,-
28-Jan-11,-,-,-,0.66,-
27-Jan-11,-,-,-,0.65,-
26-Jan-11,-,-,-,0.65,-
25-Jan-11,-,-,-,0.66,-
24-Jan-11,-,-,-,0.66,-
23-Jan-11,-,-,-,0.63,-
22-Jan-11,-,-,-,0.64,-
21-Jan-11,-,-,-,0.64,-
20-Jan-11,-,-,-,0.65,-
19-Jan-11,-,-,-,0.66,-
18-Jan-11,-,-,-,0.64,-
17-Jan-11,-,-,-,0.63,-
16-Jan-11,-,-,-,0.64,-
15-Jan-11,-,-,-,0.65,-
14-Jan-11,-,-,-,0.64,-
13-Jan-11,-,-,-,0.63,-
12-Jan-11,-,-,-,0.64,-
11-Jan-11,-,-,-,0.65,-
10-Jan-11,-,-,-,0.67,-
9-Jan-11,-,-,-,0.71,-
8-Jan-11,-,-,-,0.71,-
7-Jan-11,-,-,-,0.71,-
6-Jan-11,-,-,-,0.67,-
5-Jan-11,-,-,-,0.65,-
4-Jan-11,-,-,-,0.64,-
3-Jan-11,-,-,-,0.61,-
2-Jan-11,-,-,-,0.57,-
1-Jan-11,-,-,-,0.60,-
31-Dec-10,-,-,-,0.60,-
30-Dec-10,-,-,-,0.61,-
29-Dec-10,-,-,-,0.61,-
28-Dec-10,-,-,-,0.59,-
27-Dec-10,-,-,-,0.57,-
26-Dec-10,-,-,-,0.53,-
25-Dec-10,-,-,-,0.51,-
24-Dec-10,-,-,-,0.50,-
23-Dec-10,-,-,-,0.53,-
22-Dec-10,-,-,-,0.53,-
21-Dec-10,-,-,-,0.53,-
20-Dec-10,-,-,-,0.54,-
19-Dec-10,-,-,-,0.54,-
18-Dec-10,-,-,-,0.54,-
17-Dec-10,-,-,-,0.55,-
16-Dec-10,-,-,-,0.55,-
15-Dec-10,-,-,-,0.55,-
14-Dec-10,-,-,-,0.56,-
13-Dec-10,-,-,-,0.56,-
12-Dec-10,-,-,-,0.55,-
11-Dec-10,-,-,-,0.56,-
10-Dec-10,-,-,-,0.56,-
9-Dec-10,-,-,-,0.55,-
8-Dec-10,-,-,-,0.56,-
7-Dec-10,-,-,-,0.56,-
6-Dec-10,-,-,-,0.56,-
5-Dec-10,-,-,-,0.55,-
4-Dec-10,-,-,-,0.55,-
3-Dec-10,-,-,-,0.54,-
2-Dec-10,-,-,-,0.51,-
1-Dec-10,-,-,-,0.45,-
30-Nov-10,-,-,-,0.43,-
29-Nov-10,-,-,-,0.41,-
28-Nov-10,-,-,-,0.41,-
27-Nov-10,-,-,-,0.42,-
26-Nov-10,-,-,-,0.42,-
25-Nov-10,-,-,-,0.44,-
24-Nov-10,-,-,-,0.49,-
23-Nov-10,-,-,-,0.50,-
22-Nov-10,-,-,-,0.50,-
21-Nov-10,-,-,-,0.52,-
20-Nov-10,-,-,-,0.52,-
19-Nov-10,-,-,-,0.52,-
18-Nov-10,-,-,-,0.53,-
17-Nov-10,-,-,-,0.52,-
16-Nov-10,-,-,-,0.53,-
15-Nov-10,-,-,-,0.54,-
14-Nov-10,-,-,-,0.54,-
13-Nov-10,-,-,-,0.54,-
12-Nov-10,-,-,-,0.55,-
11-Nov-10,-,-,-,0.56,-
10-Nov-10,-,-,-,0.58,-
9-Nov-10,-,-,-,0.58,-
8-Nov-10,-,-,-,0.57,-
7-Nov-10,-,-,-,0.56,-
6-Nov-10,-,-,-,0.56,-
5-Nov-10,-,-,-,0.56,-
4-Nov-10,-,-,-,0.54,-
3-Nov-10,-,-,-,0.52,-
2-Nov-10,-,-,-,0.53,-
1-Nov-10,-,-,-,0.53,-
31-Oct-10,-,-,-,0.53,-
30-Oct-10,-,-,-,0.53,-
29-Oct-10,-,-,-,0.53,-
28-Oct-10,-,-,-,0.55,-
27-Oct-10,-,-,-,0.55,-
26-Oct-10,-,-,-,0.55,-
25-Oct-10,-,-,-,0.56,-
24-Oct-10,-,-,-,0.57,-
23-Oct-10,-,-,-,0.57,-
22-Oct-10,-,-,-,0.57,-
21-Oct-10,-,-,-,0.57,-
20-Oct-10,-,-,-,0.58,-
19-Oct-10,-,-,-,0.58,-
18-Oct-10,-,-,-,0.57,-
17-Oct-10,-,-,-,0.57,-
16-Oct-10,-,-,-,0.57,-
15-Oct-10,-,-,-,0.58,-
14-Oct-10,-,-,-,0.58,-
13-Oct-10,-,-,-,0.58,-
12-Oct-10,-,-,-,0.58,-
11-Oct-10,-,-,-,0.59,-
10-Oct-10,-,-,-,0.59,-
9-Oct-10,-,-,-,0.59,-
8-Oct-10,-,-,-,0.58,-
7-Oct-10,-,-,-,0.58,-
6-Oct-10,-,-,-,0.58,-
5-Oct-10,-,-,-,0.56,-
4-Oct-10,-,-,-,0.55,-
3-Oct-10,-,-,-,0.55,-
2-Oct-10,-,-,-,0.55,-
1-Oct-10,-,-,-,0.55,-
30-Sep-10,-,-,-,0.55,-
29-Sep-10,-,-,-,0.54,-
28-Sep-10,-,-,-,0.54,-
27-Sep-10,-,-,-,0.55,-
26-Sep-10,-,-,-,0.56,-
25-Sep-10,-,-,-,0.56,-
24-Sep-10,-,-,-,0.59,-
23-Sep-10,-,-,-,0.58,-
22-Sep-10,-,-,-,0.59,-
21-Sep-10,-,-,-,0.60,-
20-Sep-10,-,-,-,0.59,-
19-Sep-10,-,-,-,0.57,-
18-Sep-10,-,-,-,0.53,-
17-Sep-10,-,-,-,0.53,-
16-Sep-10,-,-,-,0.53,-
15-Sep-10,-,-,-,0.53,-
14-Sep-10,-,-,-,0.53,-
13-Sep-10,-,-,-,0.52,-
12-Sep-10,-,-,-,0.48,-
11-Sep-10,-,-,-,0.48,-
10-Sep-10,-,-,-,0.48,-
9-Sep-10,-,-,-,0.48,-
8-Sep-10,-,-,-,0.49,-
7-Sep-10,-,-,-,0.48,-
6-Sep-10,-,-,-,0.48,-
5-Sep-10,-,-,-,0.52,-
4-Sep-10,-,-,-,0.52,-
3-Sep-10,-,-,-,0.52,-
2-Sep-10,-,-,-,0.51,-
1-Sep-10,-,-,-,0.52,-
31-Aug-10,-,-,-,0.52,-
30-Aug-10,-,-,-,0.52,-
29-Aug-10,-,-,-,0.52,-
28-Aug-10,-,-,-,0.52,-
27-Aug-10,-,-,-,0.52,-
26-Aug-10,-,-,-,0.53,-
25-Aug-10,-,-,-,0.52,-
24-Aug-10,-,-,-,0.52,-
23-Aug-10,-,-,-,0.52,-
22-Aug-10,-,-,-,0.52,-
21-Aug-10,-,-,-,0.53,-
20-Aug-10,-,-,-,0.57,-
19-Aug-10,-,-,-,0.56,-
18-Aug-10,-,-,-,0.56,-
17-Aug-10,-,-,-,0.56,-
16-Aug-10,-,-,-,0.57,-
15-Aug-10,-,-,-,0.50,-
14-Aug-10,-,-,-,0.53,-
13-Aug-10,-,-,-,0.53,-
12-Aug-10,-,-,-,0.52,-
11-Aug-10,-,-,-,0.52,-
10-Aug-10,-,-,-,0.53,-
9-Aug-10,-,-,-,0.54,-
8-Aug-10,-,-,-,0.53,-
7-Aug-10,-,-,-,0.53,-
6-Aug-10,-,-,-,0.56,-
5-Aug-10,-,-,-,0.58,-
4-Aug-10,-,-,-,0.58,-
3-Aug-10,-,-,-,0.58,-
2-Aug-10,-,-,-,0.57,-
1-Aug-10,-,-,-,0.56,-
31-Jul-10,-,-,-,0.54,-
30-Jul-10,-,-,-,0.57,-
29-Jul-10,-,-,-,0.59,-
28-Jul-10,-,-,-,0.59,-
27-Jul-10,-,-,-,0.59,-
26-Jul-10,-,-,-,0.57,-
25-Jul-10,-,-,-,0.50,-
24-Jul-10,-,-,-,0.52,-
23-Jul-10,-,-,-,0.55,-
22-Jul-10,-,-,-,0.57,-
21-Jul-10,-,-,-,0.56,-
20-Jul-10,-,-,-,0.57,-
19-Jul-10,-,-,-,0.57,-
18-Jul-10,-,-,-,0.51,-
17-Jul-10,-,-,-,0.53,-
16-Jul-10,-,-,-,0.58,-
15-Jul-10,-,-,-,0.59,-
14-Jul-10,-,-,-,0.59,-
13-Jul-10,-,-,-,0.58,-
12-Jul-10,-,-,-,0.54,-
11-Jul-10,-,-,-,0.46,-
10-Jul-10,-,-,-,0.52,-
9-Jul-10,-,-,-,0.54,-
8-Jul-10,-,-,-,0.55,-
7-Jul-10,-,-,-,0.55,-
6-Jul-10,-,-,-,0.56,-
5-Jul-10,-,-,-,0.57,-
4-Jul-10,-,-,-,0.54,-
3-Jul-10,-,-,-,0.53,-
2-Jul-10,-,-,-,0.61,-
1-Jul-10,-,-,-,0.64,-
30-Jun-10,-,-,-,0.62,-
29-Jun-10,-,-,-,0.62,-
28-Jun-10,-,-,-,0.63,-
27-Jun-10,-,-,-,0.60,-
26-Jun-10,-,-,-,0.54,-
25-Jun-10,-,-,-,0.63,-
24-Jun-10,-,-,-,0.62,-
23-Jun-10,-,-,-,0.64,-
22-Jun-10,-,-,-,0.66,-
21-Jun-10,-,-,-,0.66,-
20-Jun-10,-,-,-,0.64,-
19-Jun-10,-,-,-,0.57,-
18-Jun-10,-,-,-,0.63,-
17-Jun-10,-,-,-,0.65,-
16-Jun-10,-,-,-,0.67,-
15-Jun-10,-,-,-,0.65,-
14-Jun-10,-,-,-,0.64,-
13-Jun-10,-,-,-,0.62,-
12-Jun-10,-,-,-,0.54,-
11-Jun-10,-,-,-,0.64,-
10-Jun-10,-,-,-,0.63,-
9-Jun-10,-,-,-,0.63,-
8-Jun-10,-,-,-,0.62,-
7-Jun-10,-,-,-,0.62,-
6-Jun-10,-,-,-,0.54,-
5-Jun-10,-,-,-,0.55,-
4-Jun-10,-,-,-,0.62,-
3-Jun-10,-,-,-,0.61,-
2-Jun-10,-,-,-,0.61,-
1-Jun-10,-,-,-,0.62,-
31-May-10,-,-,-,0.58,-
30-May-10,-,-,-,0.54,-
29-May-10,-,-,-,0.54,-
28-May-10,-,-,-,0.62,-
27-May-10,-,-,-,0.62,-
26-May-10,-,-,-,0.61,-
25-May-10,-,-,-,0.62,-
24-May-10,-,-,-,0.62,-
23-May-10,-,-,-,0.48,-
22-May-10,-,-,-,0.58,-
21-May-10,-,-,-,0.62,-
20-May-10,-,-,-,0.63,-
19-May-10,-,-,-,0.63,-
18-May-10,-,-,-,0.65,-
17-May-10,-,-,-,0.65,-
16-May-10,-,-,-,0.65,-
15-May-10,-,-,-,0.57,-
14-May-10,-,-,-,0.61,-
13-May-10,-,-,-,0.62,-
12-May-10,-,-,-,0.62,-
11-May-10,-,-,-,0.63,-
10-May-10,-,-,-,0.63,-
9-May-10,-,-,-,0.60,-
8-May-10,-,-,-,0.62,-
7-May-10,-,-,-,0.68,-
6-May-10,-,-,-,0.69,-
5-May-10,-,-,-,0.68,-
4-May-10,-,-,-,0.68,-
3-May-10,-,-,-,0.68,-
2-May-10,-,-,-,0.61,-
1-May-10,-,-,-,0.61,-
30-Apr-10,-,-,-,0.65,-
29-Apr-10,-,-,-,0.65,-
28-Apr-10,-,-,-,0.66,-
27-Apr-10,-,-,-,0.68,-
26-Apr-10,-,-,-,0.68,-
25-Apr-10,-,-,-,0.61,-
24-Apr-10,-,-,-,0.62,-
23-Apr-10,-,-,-,0.62,-
22-Apr-10,-,-,-,0.61,-
21-Apr-10,-,-,-,0.64,-
20-Apr-10,-,-,-,0.65,-
19-Apr-10,-,-,-,0.67,-
18-Apr-10,-,-,-,0.69,-
17-Apr-10,-,-,-,0.71,-
16-Apr-10,-,-,-,0.74,-
15-Apr-10,-,-,-,0.75,-
14-Apr-10,-,-,-,0.75,-
13-Apr-10,-,-,-,0.73,-
12-Apr-10,-,-,-,0.72,-
11-Apr-10,-,-,-,0.71,-
10-Apr-10,-,-,-,0.70,-
9-Apr-10,-,-,-,0.69,-
8-Apr-10,-,-,-,0.67,-
7-Apr-10,-,-,-,0.67,-
6-Apr-10,-,-,-,0.67,-
5-Apr-10,-,-,-,0.67,-
4-Apr-10,-,-,-,0.66,-
3-Apr-10,-,-,-,0.67,-
2-Apr-10,-,-,-,0.67,-
1-Apr-10,-,-,-,0.67,-
31-Mar-10,-,-,-,0.66,-
30-Mar-10,-,-,-,0.66,-
29-Mar-10,-,-,-,0.66,-
28-Mar-10,-,-,-,0.67,-
27-Mar-10,-,-,-,0.67,-
26-Mar-10,-,-,-,0.65,-
25-Mar-10,-,-,-,0.64,-
24-Mar-10,-,-,-,0.65,-
23-Mar-10,-,-,-,0.65,-
22-Mar-10,-,-,-,0.64,-
21-Mar-10,-,-,-,0.63,-
20-Mar-10,-,-,-,0.63,-
19-Mar-10,-,-,-,0.65,-
18-Mar-10,-,-,-,0.66,-
17-Mar-10,-,-,-,0.66,-
16-Mar-10,-,-,-,0.65,-
15-Mar-10,-,-,-,0.64,-
14-Mar-10,-,-,-,0.65,-
13-Mar-10,-,-,-,0.66,-
12-Mar-10,-,-,-,0.66,-
11-Mar-10,-,-,-,0.66,-
10-Mar-10,-,-,-,0.66,-
9-Mar-10,-,-,-,0.65,-
8-Mar-10,-,-,-,0.67,-
7-Mar-10,-,-,-,0.65,-
6-Mar-10,-,-,-,0.64,-
5-Mar-10,-,-,-,0.64,-
4-Mar-10,-,-,-,0.61,-
3-Mar-10,-,-,-,0.61,-
2-Mar-10,-,-,-,0.61,-
1-Mar-10,-,-,-,0.60,-
28-Feb-10,-,-,-,0.61,-
27-Feb-10,-,-,-,0.61,-
26-Feb-10,-,-,-,0.61,-
25-Feb-10,-,-,-,0.63,-
24-Feb-10,-,-,-,0.64,-
23-Feb-10,-,-,-,0.65,-
22-Feb-10,-,-,-,0.64,-
21-Feb-10,-,-,-,0.62,-
20-Feb-10,-,-,-,0.61,-
19-Feb-10,-,-,-,0.60,-
18-Feb-10,-,-,-,0.59,-
17-Feb-10,-,-,-,0.57,-
16-Feb-10,-,-,-,0.57,-
15-Feb-10,-,-,-,0.57,-
14-Feb-10,-,-,-,0.58,-
13-Feb-10,-,-,-,0.59,-
12-Feb-10,-,-,-,0.60,-
11-Feb-10,-,-,-,0.61,-
10-Feb-10,-,-,-,0.61,-
9-Feb-10,-,-,-,0.62,-
8-Feb-10,-,-,-,0.63,-
7-Feb-10,-,-,-,0.65,-
6-Feb-10,-,-,-,0.66,-
5-Feb-10,-,-,-,0.65,-
4-Feb-10,-,-,-,0.65,-
3-Feb-10,-,-,-,0.65,-
2-Feb-10,-,-,-,0.65,-
1-Feb-10,-,-,-,0.64,-
31-Jan-10,-,-,-,0.63,-
30-Jan-10,-,-,-,0.62,-
29-Jan-10,-,-,-,0.62,-
28-Jan-10,-,-,-,0.62,-
27-Jan-10,-,-,-,0.64,-
26-Jan-10,-,-,-,0.65,-
25-Jan-10,-,-,-,0.65,-
24-Jan-10,-,-,-,0.61,-
23-Jan-10,-,-,-,0.62,-
22-Jan-10,-,-,-,0.61,-
21-Jan-10,-,-,-,0.62,-
20-Jan-10,-,-,-,0.61,-
19-Jan-10,-,-,-,0.61,-
18-Jan-10,-,-,-,0.62,-
17-Jan-10,-,-,-,0.66,-
16-Jan-10,-,-,-,0.67,-
15-Jan-10,-,-,-,0.67,-
14-Jan-10,-,-,-,0.66,-
13-Jan-10,-,-,-,0.67,-
12-Jan-10,-,-,-,0.68,-
11-Jan-10,-,-,-,0.70,-
10-Jan-10,-,-,-,0.71,-
9-Jan-10,-,-,-,0.70,-
8-Jan-10,-,-,-,0.70,-
7-Jan-10,-,-,-,0.66,-
6-Jan-10,-,-,-,0.64,-
5-Jan-10,-,-,-,0.61,-
4-Jan-10,-,-,-,0.60,-
3-Jan-10,-,-,-,0.59,-
2-Jan-10,-,-,-,0.63,-
1-Jan-10,-,-,-,0.66,-
31-Dec-09,-,-,-,0.69,-
30-Dec-09,-,-,-,0.69,-
29-Dec-09,-,-,-,0.71,-
28-Dec-09,-,-,-,0.70,-
27-Dec-09,-,-,-,0.60,-
26-Dec-09,-,-,-,0.60,-
25-Dec-09,-,-,-,0.57,-
24-Dec-09,-,-,-,0.66,-
23-Dec-09,-,-,-,0.66,-
22-Dec-09,-,-,-,0.67,-
21-Dec-09,-,-,-,0.66,-
20-Dec-09,-,-,-,0.63,-
19-Dec-09,-,-,-,0.61,-
18-Dec-09,-,-,-,0.56,-
17-Dec-09,-,-,-,0.57,-
16-Dec-09,-,-,-,0.57,-
15-Dec-09,-,-,-,0.57,-
14-Dec-09,-,-,-,0.57,-
13-Dec-09,-,-,-,0.56,-
12-Dec-09,-,-,-,0.57,-
11-Dec-09,-,-,-,0.60,-
10-Dec-09,-,-,-,0.61,-
9-Dec-09,-,-,-,0.62,-
8-Dec-09,-,-,-,0.64,-
7-Dec-09,-,-,-,0.65,-
6-Dec-09,-,-,-,0.62,-
5-Dec-09,-,-,-,0.61,-
4-Dec-09,-,-,-,0.60,-
3-Dec-09,-,-,-,0.60,-
2-Dec-09,-,-,-,0.58,-
1-Dec-09,-,-,-,0.58,-
30-Nov-09,-,-,-,0.56,-
29-Nov-09,-,-,-,0.53,-
28-Nov-09,-,-,-,0.49,-
27-Nov-09,-,-,-,0.58,-
26-Nov-09,-,-,-,0.57,-
25-Nov-09,-,-,-,0.65,-
24-Nov-09,-,-,-,0.68,-
23-Nov-09,-,-,-,0.68,-
22-Nov-09,-,-,-,0.59,-
21-Nov-09,-,-,-,0.63,-
20-Nov-09,-,-,-,0.64,-
19-Nov-09,-,-,-,0.65,-
18-Nov-09,-,-,-,0.65,-
17-Nov-09,-,-,-,0.65,-
16-Nov-09,-,-,-,0.65,-
15-Nov-09,-,-,-,0.57,-
14-Nov-09,-,-,-,0.61,-
13-Nov-09,-,-,-,0.64,-
12-Nov-09,-,-,-,0.63,-
11-Nov-09,-,-,-,0.63,-
10-Nov-09,-,-,-,0.63,-
9-Nov-09,-,-,-,0.63,-
8-Nov-09,-,-,-,0.59,-
7-Nov-09,-,-,-,0.58,-
6-Nov-09,-,-,-,0.63,-
5-Nov-09,-,-,-,0.64,-
4-Nov-09,-,-,-,0.64,-
3-Nov-09,-,-,-,0.65,-
2-Nov-09,-,-,-,0.64,-
1-Nov-09,-,-,-,0.64,-
31-Oct-09,-,-,-,0.60,-
30-Oct-09,-,-,-,0.65,-
29-Oct-09,-,-,-,0.64,-
28-Oct-09,-,-,-,0.63,-
27-Oct-09,-,-,-,0.64,-
26-Oct-09,-,-,-,0.65,-
25-Oct-09,-,-,-,0.58,-
24-Oct-09,-,-,-,0.61,-
23-Oct-09,-,-,-,0.67,-
22-Oct-09,-,-,-,0.68,-
21-Oct-09,-,-,-,0.70,-
20-Oct-09,-,-,-,0.71,-
19-Oct-09,-,-,-,0.71,-
18-Oct-09,-,-,-,0.63,-
17-Oct-09,-,-,-,0.67,-
16-Oct-09,-,-,-,0.71,-
15-Oct-09,-,-,-,0.72,-
14-Oct-09,-,-,-,0.71,-
13-Oct-09,-,-,-,0.70,-
12-Oct-09,-,-,-,0.69,-
11-Oct-09,-,-,-,0.65,-
10-Oct-09,-,-,-,0.68,-
9-Oct-09,-,-,-,0.72,-
8-Oct-09,-,-,-,0.74,-
7-Oct-09,-,-,-,0.72,-
6-Oct-09,-,-,-,0.71,-
5-Oct-09,-,-,-,0.71,-
4-Oct-09,-,-,-,0.59,-
3-Oct-09,-,-,-,0.57,-
2-Oct-09,-,-,-,0.70,-
1-Oct-09,-,-,-,0.70,-
30-Sep-09,-,-,-,0.70,-
29-Sep-09,-,-,-,0.71,-
28-Sep-09,-,-,-,0.71,-
27-Sep-09,-,-,-,0.61,-
26-Sep-09,-,-,-,0.57,-
25-Sep-09,-,-,-,0.66,-
24-Sep-09,-,-,-,0.68,-
23-Sep-09,-,-,-,0.68,-
22-Sep-09,-,-,-,0.69,-
21-Sep-09,-,-,-,0.68,-
20-Sep-09,-,-,-,0.66,-
19-Sep-09,-,-,-,0.65,-
18-Sep-09,-,-,-,0.70,-
17-Sep-09,-,-,-,0.70,-
16-Sep-09,-,-,-,0.70,-
15-Sep-09,-,-,-,0.70,-
14-Sep-09,-,-,-,0.64,-
13-Sep-09,-,-,-,0.56,-
12-Sep-09,-,-,-,0.63,-
11-Sep-09,-,-,-,0.66,-
10-Sep-09,-,-,-,0.65,-
9-Sep-09,-,-,-,0.66,-
8-Sep-09,-,-,-,0.66,-
7-Sep-09,-,-,-,0.65,-
6-Sep-09,-,-,-,0.58,-
5-Sep-09,-,-,-,0.62,-
4-Sep-09,-,-,-,0.67,-
3-Sep-09,-,-,-,0.67,-
2-Sep-09,-,-,-,0.68,-
1-Sep-09,-,-,-,0.68,-
31-Aug-09,-,-,-,0.68,-
30-Aug-09,-,-,-,0.65,-
29-Aug-09,-,-,-,0.64,-
28-Aug-09,-,-,-,0.69,-
27-Aug-09,-,-,-,0.68,-
26-Aug-09,-,-,-,0.67,-
25-Aug-09,-,-,-,0.66,-
24-Aug-09,-,-,-,0.65,-
23-Aug-09,-,-,-,0.60,-
22-Aug-09,-,-,-,0.60,-
21-Aug-09,-,-,-,0.64,-
20-Aug-09,-,-,-,0.64,-
19-Aug-09,-,-,-,0.65,-
18-Aug-09,-,-,-,0.65,-
17-Aug-09,-,-,-,0.64,-
16-Aug-09,-,-,-,0.61,-
15-Aug-09,-,-,-,0.61,-
14-Aug-09,-,-,-,0.65,-
13-Aug-09,-,-,-,0.65,-
12-Aug-09,-,-,-,0.67,-
11-Aug-09,-,-,-,0.68,-
10-Aug-09,-,-,-,0.69,-
9-Aug-09,-,-,-,0.69,-
8-Aug-09,-,-,-,0.67,-
7-Aug-09,-,-,-,0.71,-
6-Aug-09,-,-,-,0.71,-
5-Aug-09,-,-,-,0.72,-
4-Aug-09,-,-,-,0.72,-
3-Aug-09,-,-,-,0.70,-
2-Aug-09,-,-,-,0.58,-
1-Aug-09,-,-,-,0.65,-
31-Jul-09,-,-,-,0.68,-
30-Jul-09,-,-,-,0.68,-
29-Jul-09,-,-,-,0.69,-
28-Jul-09,-,-,-,0.68,-
27-Jul-09,-,-,-,0.67,-
26-Jul-09,-,-,-,0.61,-
25-Jul-09,-,-,-,0.66,-
24-Jul-09,-,-,-,0.70,-
23-Jul-09,-,-,-,0.71,-
22-Jul-09,-,-,-,0.70,-
21-Jul-09,-,-,-,0.69,-
20-Jul-09,-,-,-,0.69,-
19-Jul-09,-,-,-,0.58,-
18-Jul-09,-,-,-,0.68,-
17-Jul-09,-,-,-,0.68,-
16-Jul-09,-,-,-,0.68,-
15-Jul-09,-,-,-,0.67,-
14-Jul-09,-,-,-,0.67,-
13-Jul-09,-,-,-,0.64,-
12-Jul-09,-,-,-,0.62,-
11-Jul-09,-,-,-,0.59,-
10-Jul-09,-,-,-,0.59,-
9-Jul-09,-,-,-,0.59,-
8-Jul-09,-,-,-,0.60,-
7-Jul-09,-,-,-,0.62,-
6-Jul-09,-,-,-,0.62,-
5-Jul-09,-,-,-,0.58,-
4-Jul-09,-,-,-,0.60,-
3-Jul-09,-,-,-,0.61,-
2-Jul-09,-,-,-,0.65,-
1-Jul-09,-,-,-,0.66,-
30-Jun-09,-,-,-,0.65,-
29-Jun-09,-,-,-,0.64,-
28-Jun-09,-,-,-,0.64,-
27-Jun-09,-,-,-,0.60,-
26-Jun-09,-,-,-,0.64,-
25-Jun-09,-,-,-,0.65,-
24-Jun-09,-,-,-,0.66,-
23-Jun-09,-,-,-,0.66,-
22-Jun-09,-,-,-,0.66,-
21-Jun-09,-,-,-,0.66,-
20-Jun-09,-,-,-,0.63,-
19-Jun-09,-,-,-,0.64,-
18-Jun-09,-,-,-,0.64,-
17-Jun-09,-,-,-,0.65,-
16-Jun-09,-,-,-,0.66,-
15-Jun-09,-,-,-,0.67,-
14-Jun-09,-,-,-,0.61,-
13-Jun-09,-,-,-,0.67,-
12-Jun-09,-,-,-,0.71,-
11-Jun-09,-,-,-,0.71,-
10-Jun-09,-,-,-,0.70,-
9-Jun-09,-,-,-,0.72,-
8-Jun-09,-,-,-,0.73,-
7-Jun-09,-,-,-,0.65,-
6-Jun-09,-,-,-,0.63,-
5-Jun-09,-,-,-,0.68,-
4-Jun-09,-,-,-,0.68,-
3-Jun-09,-,-,-,0.67,-
2-Jun-09,-,-,-,0.68,-
1-Jun-09,-,-,-,0.66,-
31-May-09,-,-,-,0.61,-
30-May-09,-,-,-,0.64,-
29-May-09,-,-,-,0.67,-
28-May-09,-,-,-,0.65,-
27-May-09,-,-,-,0.65,-
26-May-09,-,-,-,0.64,-
25-May-09,-,-,-,0.63,-
24-May-09,-,-,-,0.63,-
23-May-09,-,-,-,0.63,-
22-May-09,-,-,-,0.63,-
21-May-09,-,-,-,0.64,-
20-May-09,-,-,-,0.65,-
19-May-09,-,-,-,0.66,-
18-May-09,-,-,-,0.65,-
17-May-09,-,-,-,0.63,-
16-May-09,-,-,-,0.56,-
15-May-09,-,-,-,0.62,-
14-May-09,-,-,-,0.64,-
13-May-09,-,-,-,0.65,-
12-May-09,-,-,-,0.67,-
11-May-09,-,-,-,0.66,-
10-May-09,-,-,-,0.65,-
9-May-09,-,-,-,0.67,-
8-May-09,-,-,-,0.70,-
7-May-09,-,-,-,0.71,-
6-May-09,-,-,-,0.70,-
5-May-09,-,-,-,0.68,-
4-May-09,-,-,-,0.66,-
3-May-09,-,-,-,0.57,-
2-May-09,-,-,-,0.57,-
1-May-09,-,-,-,0.64,-
30-Apr-09,-,-,-,0.64,-
29-Apr-09,-,-,-,0.63,-
28-Apr-09,-,-,-,0.64,-
27-Apr-09,-,-,-,0.66,-
26-Apr-09,-,-,-,0.59,-
25-Apr-09,-,-,-,0.58,-
24-Apr-09,-,-,-,0.68,-
23-Apr-09,-,-,-,0.68,-
22-Apr-09,-,-,-,0.71,-
21-Apr-09,-,-,-,0.76,-
20-Apr-09,-,-,-,0.80,-
19-Apr-09,-,-,-,0.71,-
18-Apr-09,-,-,-,0.76,-
17-Apr-09,-,-,-,0.71,-
16-Apr-09,-,-,-,0.71,-
15-Apr-09,-,-,-,0.74,-
14-Apr-09,-,-,-,0.73,-
13-Apr-09,-,-,-,0.71,-
12-Apr-09,-,-,-,0.69,-
11-Apr-09,-,-,-,0.68,-
10-Apr-09,-,-,-,0.69,-
9-Apr-09,-,-,-,0.71,-
8-Apr-09,-,-,-,0.72,-
7-Apr-09,-,-,-,0.71,-
6-Apr-09,-,-,-,0.72,-
5-Apr-09,-,-,-,0.72,-
4-Apr-09,-,-,-,0.72,-
3-Apr-09,-,-,-,0.70,-
2-Apr-09,-,-,-,0.68,-
1-Apr-09,-,-,-,0.67,-
31-Mar-09,-,-,-,0.68,-
30-Mar-09,-,-,-,0.68,-
29-Mar-09,-,-,-,0.69,-
28-Mar-09,-,-,-,0.70,-
27-Mar-09,-,-,-,0.74,-
26-Mar-09,-,-,-,0.75,-
25-Mar-09,-,-,-,0.76,-
24-Mar-09,-,-,-,0.75,-
23-Mar-09,-,-,-,0.74,-
22-Mar-09,-,-,-,0.71,-
21-Mar-09,-,-,-,0.67,-
20-Mar-09,-,-,-,0.67,-
19-Mar-09,-,-,-,0.68,-
18-Mar-09,-,-,-,0.67,-
17-Mar-09,-,-,-,0.68,-
16-Mar-09,-,-,-,0.68,-
15-Mar-09,-,-,-,0.69,-
14-Mar-09,-,-,-,0.69,-
13-Mar-09,-,-,-,0.70,-
12-Mar-09,-,-,-,0.70,-
11-Mar-09,-,-,-,0.70,-
10-Mar-09,-,-,-,0.69,-
9-Mar-09,-,-,-,0.71,-
8-Mar-09,-,-,-,0.71,-
7-Mar-09,-,-,-,0.72,-
6-Mar-09,-,-,-,0.71,-
5-Mar-09,-,-,-,0.70,-
4-Mar-09,-,-,-,0.69,-
3-Mar-09,-,-,-,0.69,-
2-Mar-09,-,-,-,0.67,-
1-Mar-09,-,-,-,0.67,-
28-Feb-09,-,-,-,0.66,-
27-Feb-09,-,-,-,0.67,-
26-Feb-09,-,-,-,0.67,-
25-Feb-09,-,-,-,0.67,-
24-Feb-09,-,-,-,0.68,-
23-Feb-09,-,-,-,0.68,-
22-Feb-09,-,-,-,0.64,-
21-Feb-09,-,-,-,0.64,-
20-Feb-09,-,-,-,0.63,-
19-Feb-09,-,-,-,0.62,-
18-Feb-09,-,-,-,0.61,-
17-Feb-09,-,-,-,0.60,-
16-Feb-09,-,-,-,0.60,-
15-Feb-09,-,-,-,0.62,-
14-Feb-09,-,-,-,0.62,-
13-Feb-09,-,-,-,0.64,-
12-Feb-09,-,-,-,0.65,-
11-Feb-09,-,-,-,0.65,-
10-Feb-09,-,-,-,0.65,-
9-Feb-09,-,-,-,0.67,-
8-Feb-09,-,-,-,0.67,-
7-Feb-09,-,-,-,0.69,-
6-Feb-09,-,-,-,0.70,-
5-Feb-09,-,-,-,0.70,-
4-Feb-09,-,-,-,0.72,-
3-Feb-09,-,-,-,0.72,-
2-Feb-09,-,-,-,0.72,-
1-Feb-09,-,-,-,0.71,-
31-Jan-09,-,-,-,0.70,-
30-Jan-09,-,-,-,0.69,-
29-Jan-09,-,-,-,0.68,-
28-Jan-09,-,-,-,0.66,-
27-Jan-09,-,-,-,0.66,-
26-Jan-09,-,-,-,0.64,-
25-Jan-09,-,-,-,0.62,-
24-Jan-09,-,-,-,0.62,-
23-Jan-09,-,-,-,0.67,-
22-Jan-09,-,-,-,0.68,-
21-Jan-09,-,-,-,0.70,-
20-Jan-09,-,-,-,0.70,-
19-Jan-09,-,-,-,0.73,-
18-Jan-09,-,-,-,0.70,-
17-Jan-09,-,-,-,0.71,-
16-Jan-09,-,-,-,0.72,-
15-Jan-09,-,-,-,0.72,-
14-Jan-09,-,-,-,0.72,-
13-Jan-09,-,-,-,0.72,-
12-Jan-09,-,-,-,0.74,-
11-Jan-09,-,-,-,0.75,-
10-Jan-09,-,-,-,0.75,-
9-Jan-09,-,-,-,0.75,-
8-Jan-09,-,-,-,0.75,-
7-Jan-09,-,-,-,0.75,-
6-Jan-09,-,-,-,0.76,-
5-Jan-09,-,-,-,0.76,-
4-Jan-09,-,-,-,0.72,-
3-Jan-09,-,-,-,0.77,-
2-Jan-09,-,-,-,0.78,-
1-Jan-09,-,-,-,0.70,-
31-Dec-08,-,-,-,0.73,-
30-Dec-08,-,-,-,0.71,-
29-Dec-08,-,-,-,0.67,-
28-Dec-08,-,-,-,0.62,-
27-Dec-08,-,-,-,0.60,-
26-Dec-08,-,-,-,0.65,-
25-Dec-08,-,-,-,0.66,-
24-Dec-08,-,-,-,0.70,-
23-Dec-08,-,-,-,0.75,-
22-Dec-08,-,-,-,0.76,-
21-Dec-08,-,-,-,0.74,-
20-Dec-08,-,-,-,0.62,-
19-Dec-08,-,-,-,0.71,-
18-Dec-08,-,-,-,0.71,-
17-Dec-08,-,-,-,0.71,-
16-Dec-08,-,-,-,0.70,-
15-Dec-08,-,-,-,0.70,-
14-Dec-08,-,-,-,0.62,-
13-Dec-08,-,-,-,0.66,-
12-Dec-08,-,-,-,0.69,-
11-Dec-08,-,-,-,0.71,-
10-Dec-08,-,-,-,0.71,-
9-Dec-08,-,-,-,0.72,-
8-Dec-08,-,-,-,0.72,-
7-Dec-08,-,-,-,0.66,-
6-Dec-08,-,-,-,0.70,-
5-Dec-08,-,-,-,0.71,-
4-Dec-08,-,-,-,0.72,-
3-Dec-08,-,-,-,0.70,-
2-Dec-08,-,-,-,0.70,-
1-Dec-08,-,-,-,0.68,-
30-Nov-08,-,-,-,0.58,-
29-Nov-08,-,-,-,0.60,-
28-Nov-08,-,-,-,0.67,-
27-Nov-08,-,-,-,0.67,-
26-Nov-08,-,-,-,0.72,-
25-Nov-08,-,-,-,0.72,-
24-Nov-08,-,-,-,0.72,-
23-Nov-08,-,-,-,0.72,-
22-Nov-08,-,-,-,0.72,-
21-Nov-08,-,-,-,0.78,-
20-Nov-08,-,-,-,0.77,-
19-Nov-08,-,-,-,0.77,-
18-Nov-08,-,-,-,0.78,-
17-Nov-08,-,-,-,0.79,-
16-Nov-08,-,-,-,0.65,-
15-Nov-08,-,-,-,0.75,-
14-Nov-08,-,-,-,0.74,-
13-Nov-08,-,-,-,0.73,-
12-Nov-08,-,-,-,0.72,-
11-Nov-08,-,-,-,0.71,-
10-Nov-08,-,-,-,0.68,-
9-Nov-08,-,-,-,0.58,-
8-Nov-08,-,-,-,0.66,-
7-Nov-08,-,-,-,0.74,-
6-Nov-08,-,-,-,0.73,-
5-Nov-08,-,-,-,0.73,-
4-Nov-08,-,-,-,0.75,-
3-Nov-08,-,-,-,0.76,-
2-Nov-08,-,-,-,0.77,-
1-Nov-08,-,-,-,0.69,-
31-Oct-08,-,-,-,0.69,-
30-Oct-08,-,-,-,0.68,-
29-Oct-08,-,-,-,0.68,-
28-Oct-08,-,-,-,0.68,-
27-Oct-08,-,-,-,0.68,-
26-Oct-08,-,-,-,0.68,-
25-Oct-08,-,-,-,0.68,-
24-Oct-08,-,-,-,0.74,-
23-Oct-08,-,-,-,0.75,-
22-Oct-08,-,-,-,0.78,-
21-Oct-08,-,-,-,0.83,-
20-Oct-08,-,-,-,0.86,-
19-Oct-08,-,-,-,0.84,-
18-Oct-08,-,-,-,0.81,-
17-Oct-08,-,-,-,0.84,-
16-Oct-08,-,-,-,0.92,-
15-Oct-08,-,-,-,0.95,-
14-Oct-08,-,-,-,0.97,-
13-Oct-08,-,-,-,0.97,-
12-Oct-08,-,-,-,0.97,-
11-Oct-08,-,-,-,0.97,-
10-Oct-08,-,-,-,0.99,-
9-Oct-08,-,-,-,0.93,-
8-Oct-08,-,-,-,0.92,-
7-Oct-08,-,-,-,0.94,-
6-Oct-08,-,-,-,0.94,-
5-Oct-08,-,-,-,0.85,-
4-Oct-08,-,-,-,0.86,-
3-Oct-08,-,-,-,0.92,-
2-Oct-08,-,-,-,0.93,-
1-Oct-08,-,-,-,0.92,-
30-Sep-08,-,-,-,0.91,-
29-Sep-08,-,-,-,0.87,-
28-Sep-08,-,-,-,0.74,-
27-Sep-08,-,-,-,0.79,-
26-Sep-08,-,-,-,0.86,-
25-Sep-08,-,-,-,0.88,-
24-Sep-08,-,-,-,0.92,-
23-Sep-08,-,-,-,0.95,-
22-Sep-08,-,-,-,0.97,-
21-Sep-08,-,-,-,0.99,-
20-Sep-08,-,-,-,0.90,-
19-Sep-08,-,-,-,0.93,-
18-Sep-08,-,-,-,0.88,-
17-Sep-08,-,-,-,0.83,-
16-Sep-08,-,-,-,0.78,-
15-Sep-08,-,-,-,0.71,-
14-Sep-08,-,-,-,0.63,-
13-Sep-08,-,-,-,0.62,-
12-Sep-08,-,-,-,0.65,-
11-Sep-08,-,-,-,0.65,-
10-Sep-08,-,-,-,0.65,-
9-Sep-08,-,-,-,0.63,-
8-Sep-08,-,-,-,0.62,-
7-Sep-08,-,-,-,0.64,-
6-Sep-08,-,-,-,0.60,-
5-Sep-08,-,-,-,0.67,-
4-Sep-08,-,-,-,0.68,-
3-Sep-08,-,-,-,0.68,-
2-Sep-08,-,-,-,0.68,-
1-Sep-08,-,-,-,0.64,-
31-Aug-08,-,-,-,0.68,-
30-Aug-08,-,-,-,0.63,-
29-Aug-08,-,-,-,0.69,-
28-Aug-08,-,-,-,0.68,-
27-Aug-08,-,-,-,0.69,-
26-Aug-08,-,-,-,0.70,-
25-Aug-08,-,-,-,0.71,-
24-Aug-08,-,-,-,0.68,-
23-Aug-08,-,-,-,0.63,-
22-Aug-08,-,-,-,0.71,-
21-Aug-08,-,-,-,0.70,-
20-Aug-08,-,-,-,0.71,-
19-Aug-08,-,-,-,0.71,-
18-Aug-08,-,-,-,0.70,-
17-Aug-08,-,-,-,0.66,-
16-Aug-08,-,-,-,0.64,-
15-Aug-08,-,-,-,0.70,-
14-Aug-08,-,-,-,0.72,-
13-Aug-08,-,-,-,0.74,-
12-Aug-08,-,-,-,0.74,-
11-Aug-08,-,-,-,0.73,-
10-Aug-08,-,-,-,0.69,-
9-Aug-08,-,-,-,0.65,-
8-Aug-08,-,-,-,0.73,-
7-Aug-08,-,-,-,0.75,-
6-Aug-08,-,-,-,0.75,-
5-Aug-08,-,-,-,0.73,-
4-Aug-08,-,-,-,0.74,-
3-Aug-08,-,-,-,0.64,-
2-Aug-08,-,-,-,0.71,-
1-Aug-08,-,-,-,0.73,-
31-Jul-08,-,-,-,0.74,-
30-Jul-08,-,-,-,0.75,-
29-Jul-08,-,-,-,0.76,-
28-Jul-08,-,-,-,0.77,-
27-Jul-08,-,-,-,0.75,-
26-Jul-08,-,-,-,0.72,-
25-Jul-08,-,-,-,0.78,-
24-Jul-08,-,-,-,0.80,-
23-Jul-08,-,-,-,0.83,-
22-Jul-08,-,-,-,0.82,-
21-Jul-08,-,-,-,0.80,-
20-Jul-08,-,-,-,0.72,-
19-Jul-08,-,-,-,0.77,-
18-Jul-08,-,-,-,0.79,-
17-Jul-08,-,-,-,0.79,-
16-Jul-08,-,-,-,0.78,-
15-Jul-08,-,-,-,0.75,-
14-Jul-08,-,-,-,0.73,-
13-Jul-08,-,-,-,0.71,-
12-Jul-08,-,-,-,0.72,-
11-Jul-08,-,-,-,0.72,-
10-Jul-08,-,-,-,0.70,-
9-Jul-08,-,-,-,0.71,-
8-Jul-08,-,-,-,0.70,-
7-Jul-08,-,-,-,0.71,-
6-Jul-08,-,-,-,0.74,-
5-Jul-08,-,-,-,0.74,-
4-Jul-08,-,-,-,0.74,-
3-Jul-08,-,-,-,0.72,-
2-Jul-08,-,-,-,0.74,-
1-Jul-08,-,-,-,0.73,-
30-Jun-08,-,-,-,0.73,-
29-Jun-08,-,-,-,0.72,-
28-Jun-08,-,-,-,0.64,-
27-Jun-08,-,-,-,0.71,-
26-Jun-08,-,-,-,0.71,-
25-Jun-08,-,-,-,0.70,-
24-Jun-08,-,-,-,0.70,-
23-Jun-08,-,-,-,0.70,-
22-Jun-08,-,-,-,0.71,-
21-Jun-08,-,-,-,0.72,-
20-Jun-08,-,-,-,0.70,-
19-Jun-08,-,-,-,0.72,-
18-Jun-08,-,-,-,0.72,-
17-Jun-08,-,-,-,0.74,-
16-Jun-08,-,-,-,0.74,-
15-Jun-08,-,-,-,0.71,-
14-Jun-08,-,-,-,0.70,-
13-Jun-08,-,-,-,0.74,-
12-Jun-08,-,-,-,0.75,-
11-Jun-08,-,-,-,0.75,-
10-Jun-08,-,-,-,0.76,-
9-Jun-08,-,-,-,0.75,-
8-Jun-08,-,-,-,0.73,-
7-Jun-08,-,-,-,0.66,-
6-Jun-08,-,-,-,0.75,-
5-Jun-08,-,-,-,0.75,-
4-Jun-08,-,-,-,0.74,-
3-Jun-08,-,-,-,0.75,-
2-Jun-08,-,-,-,0.74,-
1-Jun-08,-,-,-,0.62,-
31-May-08,-,-,-,0.64,-
30-May-08,-,-,-,0.71,-
29-May-08,-,-,-,0.71,-
28-May-08,-,-,-,0.72,-
27-May-08,-,-,-,0.73,-
26-May-08,-,-,-,0.68,-
25-May-08,-,-,-,0.69,-
24-May-08,-,-,-,0.69,-
23-May-08,-,-,-,0.69,-
22-May-08,-,-,-,0.73,-
21-May-08,-,-,-,0.73,-
20-May-08,-,-,-,0.73,-
19-May-08,-,-,-,0.71,-
18-May-08,-,-,-,0.69,-
17-May-08,-,-,-,0.71,-
16-May-08,-,-,-,0.75,-
15-May-08,-,-,-,0.77,-
14-May-08,-,-,-,0.75,-
13-May-08,-,-,-,0.77,-
12-May-08,-,-,-,0.76,-
11-May-08,-,-,-,0.72,-
10-May-08,-,-,-,0.64,-
9-May-08,-,-,-,0.72,-
8-May-08,-,-,-,0.72,-
7-May-08,-,-,-,0.72,-
6-May-08,-,-,-,0.72,-
5-May-08,-,-,-,0.71,-
4-May-08,-,-,-,0.67,-
3-May-08,-,-,-,0.67,-
2-May-08,-,-,-,0.71,-
1-May-08,-,-,-,0.71,-
30-Apr-08,-,-,-,0.71,-
29-Apr-08,-,-,-,0.72,-
28-Apr-08,-,-,-,0.72,-
27-Apr-08,-,-,-,0.68,-
26-Apr-08,-,-,-,0.69,-
25-Apr-08,-,-,-,0.73,-
24-Apr-08,-,-,-,0.75,-
23-Apr-08,-,-,-,0.77,-
22-Apr-08,-,-,-,0.81,-
21-Apr-08,-,-,-,0.83,-
20-Apr-08,-,-,-,0.74,-
19-Apr-08,-,-,-,0.80,-
18-Apr-08,-,-,-,0.80,-
17-Apr-08,-,-,-,0.80,-
16-Apr-08,-,-,-,0.81,-
15-Apr-08,-,-,-,0.82,-
14-Apr-08,-,-,-,0.80,-
13-Apr-08,-,-,-,0.80,-
12-Apr-08,-,-,-,0.80,-
11-Apr-08,-,-,-,0.81,-
10-Apr-08,-,-,-,0.81,-
9-Apr-08,-,-,-,0.83,-
8-Apr-08,-,-,-,0.83,-
7-Apr-08,-,-,-,0.84,-
6-Apr-08,-,-,-,0.82,-
5-Apr-08,-,-,-,0.82,-
4-Apr-08,-,-,-,0.82,-
3-Apr-08,-,-,-,0.81,-
2-Apr-08,-,-,-,0.78,-
1-Apr-08,-,-,-,0.78,-
31-Mar-08,-,-,-,0.78,-
30-Mar-08,-,-,-,0.81,-
29-Mar-08,-,-,-,0.81,-
28-Mar-08,-,-,-,0.80,-
27-Mar-08,-,-,-,0.79,-
26-Mar-08,-,-,-,0.79,-
25-Mar-08,-,-,-,0.80,-
24-Mar-08,-,-,-,0.79,-
23-Mar-08,-,-,-,0.78,-
22-Mar-08,-,-,-,0.77,-
21-Mar-08,-,-,-,0.77,-
20-Mar-08,-,-,-,0.79,-
19-Mar-08,-,-,-,0.79,-
18-Mar-08,-,-,-,0.78,-
17-Mar-08,-,-,-,0.78,-
16-Mar-08,-,-,-,0.76,-
15-Mar-08,-,-,-,0.77,-
14-Mar-08,-,-,-,0.79,-
13-Mar-08,-,-,-,0.79,-
12-Mar-08,-,-,-,0.80,-
11-Mar-08,-,-,-,0.78,-
10-Mar-08,-,-,-,0.77,-
9-Mar-08,-,-,-,0.77,-
8-Mar-08,-,-,-,0.72,-
7-Mar-08,-,-,-,0.73,-
6-Mar-08,-,-,-,0.74,-
5-Mar-08,-,-,-,0.75,-
4-Mar-08,-,-,-,0.75,-
3-Mar-08,-,-,-,0.76,-
2-Mar-08,-,-,-,0.76,-
1-Mar-08,-,-,-,0.77,-
29-Feb-08,-,-,-,0.76,-
28-Feb-08,-,-,-,0.76,-
27-Feb-08,-,-,-,0.75,-
26-Feb-08,-,-,-,0.75,-
25-Feb-08,-,-,-,0.74,-
24-Feb-08,-,-,-,0.71,-
23-Feb-08,-,-,-,0.71,-
22-Feb-08,-,-,-,0.71,-
21-Feb-08,-,-,-,0.72,-
20-Feb-08,-,-,-,0.72,-
19-Feb-08,-,-,-,0.71,-
18-Feb-08,-,-,-,0.71,-
17-Feb-08,-,-,-,0.73,-
16-Feb-08,-,-,-,0.73,-
15-Feb-08,-,-,-,0.72,-
14-Feb-08,-,-,-,0.72,-
13-Feb-08,-,-,-,0.71,-
12-Feb-08,-,-,-,0.71,-
11-Feb-08,-,-,-,0.72,-
10-Feb-08,-,-,-,0.72,-
9-Feb-08,-,-,-,0.73,-
8-Feb-08,-,-,-,0.74,-
7-Feb-08,-,-,-,0.77,-
6-Feb-08,-,-,-,0.78,-
5-Feb-08,-,-,-,0.80,-
4-Feb-08,-,-,-,0.82,-
3-Feb-08,-,-,-,0.84,-
2-Feb-08,-,-,-,0.83,-
1-Feb-08,-,-,-,0.83,-
31-Jan-08,-,-,-,0.83,-
30-Jan-08,-,-,-,0.84,-
29-Jan-08,-,-,-,0.84,-
28-Jan-08,-,-,-,0.85,-
27-Jan-08,-,-,-,0.82,-
26-Jan-08,-,-,-,0.83,-
25-Jan-08,-,-,-,0.81,-
24-Jan-08,-,-,-,0.81,-
23-Jan-08,-,-,-,0.79,-
22-Jan-08,-,-,-,0.78,-
21-Jan-08,-,-,-,0.77,-
20-Jan-08,-,-,-,0.80,-
19-Jan-08,-,-,-,0.79,-
18-Jan-08,-,-,-,0.78,-
17-Jan-08,-,-,-,0.80,-
16-Jan-08,-,-,-,0.81,-
15-Jan-08,-,-,-,0.83,-
14-Jan-08,-,-,-,0.83,-
13-Jan-08,-,-,-,0.85,-
12-Jan-08,-,-,-,0.86,-
11-Jan-08,-,-,-,0.88,-
10-Jan-08,-,-,-,0.87,-
9-Jan-08,-,-,-,0.87,-
8-Jan-08,-,-,-,0.89,-
7-Jan-08,-,-,-,0.83,-
6-Jan-08,-,-,-,0.81,-
5-Jan-08,-,-,-,0.81,-
4-Jan-08,-,-,-,0.81,-
3-Jan-08,-,-,-,0.81,-
2-Jan-08,-,-,-,0.79,-
1-Jan-08,-,-,-,0.78,-
31-Dec-07,-,-,-,0.78,-
30-Dec-07,-,-,-,0.77,-
29-Dec-07,-,-,-,0.82,-
28-Dec-07,-,-,-,0.85,-
27-Dec-07,-,-,-,0.81,-
26-Dec-07,-,-,-,0.81,-
25-Dec-07,-,-,-,0.70,-
24-Dec-07,-,-,-,0.76,-
23-Dec-07,-,-,-,0.74,-
22-Dec-07,-,-,-,0.75,-
21-Dec-07,-,-,-,0.80,-
20-Dec-07,-,-,-,0.82,-
19-Dec-07,-,-,-,0.82,-
18-Dec-07,-,-,-,0.84,-
17-Dec-07,-,-,-,0.84,-
16-Dec-07,-,-,-,0.74,-
15-Dec-07,-,-,-,0.69,-
14-Dec-07,-,-,-,0.80,-
13-Dec-07,-,-,-,0.80,-
12-Dec-07,-,-,-,0.80,-
11-Dec-07,-,-,-,0.80,-
10-Dec-07,-,-,-,0.79,-
9-Dec-07,-,-,-,0.70,-
8-Dec-07,-,-,-,0.75,-
7-Dec-07,-,-,-,0.80,-
6-Dec-07,-,-,-,0.80,-
5-Dec-07,-,-,-,0.80,-
4-Dec-07,-,-,-,0.79,-
3-Dec-07,-,-,-,0.78,-
2-Dec-07,-,-,-,0.73,-
1-Dec-07,-,-,-,0.78,-
30-Nov-07,-,-,-,0.77,-
29-Nov-07,-,-,-,0.75,-
28-Nov-07,-,-,-,0.72,-
27-Nov-07,-,-,-,0.73,-
26-Nov-07,-,-,-,0.72,-
25-Nov-07,-,-,-,0.56,-
24-Nov-07,-,-,-,0.65,-
23-Nov-07,-,-,-,0.69,-
22-Nov-07,-,-,-,0.76,-
21-Nov-07,-,-,-,0.77,-
20-Nov-07,-,-,-,0.80,-
19-Nov-07,-,-,-,0.78,-
18-Nov-07,-,-,-,0.82,-
17-Nov-07,-,-,-,0.75,-
16-Nov-07,-,-,-,0.79,-
15-Nov-07,-,-,-,0.80,-
14-Nov-07,-,-,-,0.81,-
13-Nov-07,-,-,-,0.81,-
12-Nov-07,-,-,-,0.81,-
11-Nov-07,-,-,-,0.81,-
10-Nov-07,-,-,-,0.82,-
9-Nov-07,-,-,-,0.83,-
8-Nov-07,-,-,-,0.86,-
7-Nov-07,-,-,-,0.86,-
6-Nov-07,-,-,-,0.86,-
5-Nov-07,-,-,-,0.86,-
4-Nov-07,-,-,-,0.79,-
3-Nov-07,-,-,-,0.86,-
2-Nov-07,-,-,-,0.92,-
1-Nov-07,-,-,-,0.89,-
31-Oct-07,-,-,-,0.88,-
30-Oct-07,-,-,-,0.87,-
29-Oct-07,-,-,-,0.85,-
28-Oct-07,-,-,-,0.78,-
27-Oct-07,-,-,-,0.80,-
26-Oct-07,-,-,-,0.84,-
25-Oct-07,-,-,-,0.83,-
24-Oct-07,-,-,-,0.86,-
23-Oct-07,-,-,-,0.86,-
22-Oct-07,-,-,-,0.89,-
21-Oct-07,-,-,-,0.77,-
20-Oct-07,-,-,-,0.82,-
19-Oct-07,-,-,-,0.89,-
18-Oct-07,-,-,-,0.92,-
17-Oct-07,-,-,-,0.94,-
16-Oct-07,-,-,-,0.94,-
15-Oct-07,-,-,-,0.92,-
14-Oct-07,-,-,-,0.82,-
13-Oct-07,-,-,-,0.86,-
12-Oct-07,-,-,-,0.84,-
11-Oct-07,-,-,-,0.84,-
10-Oct-07,-,-,-,0.84,-
9-Oct-07,-,-,-,0.86,-
8-Oct-07,-,-,-,0.86,-
7-Oct-07,-,-,-,0.80,-
6-Oct-07,-,-,-,0.87,-
5-Oct-07,-,-,-,0.93,-
4-Oct-07,-,-,-,0.94,-
3-Oct-07,-,-,-,0.94,-
2-Oct-07,-,-,-,0.93,-
1-Oct-07,-,-,-,0.88,-
30-Sep-07,-,-,-,0.80,-
29-Sep-07,-,-,-,0.79,-
28-Sep-07,-,-,-,0.86,-
27-Sep-07,-,-,-,0.85,-
26-Sep-07,-,-,-,0.86,-
25-Sep-07,-,-,-,0.87,-
24-Sep-07,-,-,-,0.86,-
23-Sep-07,-,-,-,0.72,-
22-Sep-07,-,-,-,0.84,-
21-Sep-07,-,-,-,0.82,-
20-Sep-07,-,-,-,0.82,-
19-Sep-07,-,-,-,0.82,-
18-Sep-07,-,-,-,0.80,-
17-Sep-07,-,-,-,0.78,-
16-Sep-07,-,-,-,0.81,-
15-Sep-07,-,-,-,0.77,-
14-Sep-07,-,-,-,0.80,-
13-Sep-07,-,-,-,0.81,-
12-Sep-07,-,-,-,0.83,-
11-Sep-07,-,-,-,0.82,-
10-Sep-07,-,-,-,0.82,-
9-Sep-07,-,-,-,0.64,-
8-Sep-07,-,-,-,0.72,-
7-Sep-07,-,-,-,0.82,-
6-Sep-07,-,-,-,0.82,-
5-Sep-07,-,-,-,0.84,-
4-Sep-07,-,-,-,0.82,-
3-Sep-07,-,-,-,0.68,-
2-Sep-07,-,-,-,0.78,-
1-Sep-07,-,-,-,0.71,-
31-Aug-07,-,-,-,0.80,-
30-Aug-07,-,-,-,0.83,-
29-Aug-07,-,-,-,0.84,-
28-Aug-07,-,-,-,0.83,-
27-Aug-07,-,-,-,0.84,-
26-Aug-07,-,-,-,0.78,-
25-Aug-07,-,-,-,0.75,-
24-Aug-07,-,-,-,0.86,-
23-Aug-07,-,-,-,0.89,-
22-Aug-07,-,-,-,0.88,-
21-Aug-07,-,-,-,0.89,-
20-Aug-07,-,-,-,0.89,-
19-Aug-07,-,-,-,0.81,-
18-Aug-07,-,-,-,0.80,-
17-Aug-07,-,-,-,0.89,-
16-Aug-07,-,-,-,0.88,-
15-Aug-07,-,-,-,0.87,-
14-Aug-07,-,-,-,0.89,-
13-Aug-07,-,-,-,0.88,-
12-Aug-07,-,-,-,0.85,-
11-Aug-07,-,-,-,0.82,-
10-Aug-07,-,-,-,0.84,-
9-Aug-07,-,-,-,0.85,-
8-Aug-07,-,-,-,0.87,-
7-Aug-07,-,-,-,0.86,-
6-Aug-07,-,-,-,0.83,-
5-Aug-07,-,-,-,0.85,-
4-Aug-07,-,-,-,0.78,-
3-Aug-07,-,-,-,0.82,-
2-Aug-07,-,-,-,0.85,-
1-Aug-07,-,-,-,0.86,-
31-Jul-07,-,-,-,0.86,-
30-Jul-07,-,-,-,0.86,-
29-Jul-07,-,-,-,0.88,-
28-Jul-07,-,-,-,0.79,-
27-Jul-07,-,-,-,0.87,-
26-Jul-07,-,-,-,0.90,-
25-Jul-07,-,-,-,0.92,-
24-Jul-07,-,-,-,0.91,-
23-Jul-07,-,-,-,0.90,-
22-Jul-07,-,-,-,0.91,-
21-Jul-07,-,-,-,0.81,-
20-Jul-07,-,-,-,0.92,-
19-Jul-07,-,-,-,0.94,-
18-Jul-07,-,-,-,0.94,-
17-Jul-07,-,-,-,0.93,-
16-Jul-07,-,-,-,0.90,-
15-Jul-07,-,-,-,0.81,-
14-Jul-07,-,-,-,0.88,-
13-Jul-07,-,-,-,0.89,-
12-Jul-07,-,-,-,0.89,-
11-Jul-07,-,-,-,0.81,-
10-Jul-07,-,-,-,0.82,-
9-Jul-07,-,-,-,0.85,-
8-Jul-07,-,-,-,0.82,-
7-Jul-07,-,-,-,0.80,-
6-Jul-07,-,-,-,0.84,-
5-Jul-07,-,-,-,0.85,-
4-Jul-07,-,-,-,0.85,-
3-Jul-07,-,-,-,0.88,-
2-Jul-07,-,-,-,0.85,-
1-Jul-07,-,-,-,0.80,-
30-Jun-07,-,-,-,0.77,-
29-Jun-07,-,-,-,0.82,-
28-Jun-07,-,-,-,0.81,-
27-Jun-07,-,-,-,0.83,-
26-Jun-07,-,-,-,0.82,-
25-Jun-07,-,-,-,0.84,-
24-Jun-07,-,-,-,0.82,-
23-Jun-07,-,-,-,0.82,-
22-Jun-07,-,-,-,0.84,-
21-Jun-07,-,-,-,0.86,-
20-Jun-07,-,-,-,0.88,-
19-Jun-07,-,-,-,0.87,-
18-Jun-07,-,-,-,0.88,-
17-Jun-07,-,-,-,0.83,-
16-Jun-07,-,-,-,0.83,-
15-Jun-07,-,-,-,0.87,-
14-Jun-07,-,-,-,0.88,-
13-Jun-07,-,-,-,0.86,-
12-Jun-07,-,-,-,0.87,-
11-Jun-07,-,-,-,0.88,-
10-Jun-07,-,-,-,0.81,-
9-Jun-07,-,-,-,0.81,-
8-Jun-07,-,-,-,0.87,-
7-Jun-07,-,-,-,0.89,-
6-Jun-07,-,-,-,0.90,-
5-Jun-07,-,-,-,0.89,-
4-Jun-07,-,-,-,0.88,-
3-Jun-07,-,-,-,0.79,-
2-Jun-07,-,-,-,0.76,-
1-Jun-07,-,-,-,0.84,-
31-May-07,-,-,-,0.82,-
30-May-07,-,-,-,0.80,-
29-May-07,-,-,-,0.79,-
28-May-07,-,-,-,0.74,-
27-May-07,-,-,-,0.75,-
26-May-07,-,-,-,0.76,-
25-May-07,-,-,-,0.80,-
24-May-07,-,-,-,0.83,-
23-May-07,-,-,-,0.85,-
22-May-07,-,-,-,0.85,-
21-May-07,-,-,-,0.83,-
20-May-07,-,-,-,0.79,-
19-May-07,-,-,-,0.76,-
18-May-07,-,-,-,0.84,-
17-May-07,-,-,-,0.86,-
16-May-07,-,-,-,0.86,-
15-May-07,-,-,-,0.87,-
14-May-07,-,-,-,0.86,-
13-May-07,-,-,-,0.81,-
12-May-07,-,-,-,0.80,-
11-May-07,-,-,-,0.87,-
10-May-07,-,-,-,0.87,-
9-May-07,-,-,-,0.88,-
8-May-07,-,-,-,0.89,-
7-May-07,-,-,-,0.88,-
6-May-07,-,-,-,0.82,-
5-May-07,-,-,-,0.79,-
4-May-07,-,-,-,0.90,-
3-May-07,-,-,-,0.91,-
2-May-07,-,-,-,0.92,-
1-May-07,-,-,-,0.91,-
30-Apr-07,-,-,-,0.90,-
29-Apr-07,-,-,-,0.81,-
28-Apr-07,-,-,-,0.81,-
27-Apr-07,-,-,-,0.89,-
26-Apr-07,-,-,-,0.88,-
25-Apr-07,-,-,-,0.87,-
24-Apr-07,-,-,-,0.88,-
23-Apr-07,-,-,-,0.91,-
22-Apr-07,-,-,-,0.85,-
21-Apr-07,-,-,-,0.87,-
20-Apr-07,-,-,-,0.89,-
19-Apr-07,-,-,-,0.91,-
18-Apr-07,-,-,-,0.92,-
17-Apr-07,-,-,-,0.95,-
16-Apr-07,-,-,-,0.96,-
15-Apr-07,-,-,-,0.94,-
14-Apr-07,-,-,-,0.96,-
13-Apr-07,-,-,-,0.97,-
12-Apr-07,-,-,-,0.97,-
11-Apr-07,-,-,-,1.00,-
10-Apr-07,-,-,-,0.96,-
9-Apr-07,-,-,-,0.93,-
8-Apr-07,-,-,-,0.88,-
7-Apr-07,-,-,-,0.82,-
6-Apr-07,-,-,-,0.90,-
5-Apr-07,-,-,-,0.90,-
4-Apr-07,-,-,-,0.90,-
3-Apr-07,-,-,-,0.88,-
2-Apr-07,-,-,-,0.88,-
1-Apr-07,-,-,-,0.91,-
31-Mar-07,-,-,-,0.87,-
30-Mar-07,-,-,-,0.89,-
29-Mar-07,-,-,-,0.90,-
28-Mar-07,-,-,-,0.92,-
27-Mar-07,-,-,-,0.91,-
26-Mar-07,-,-,-,0.90,-
25-Mar-07,-,-,-,0.82,-
24-Mar-07,-,-,-,0.83,-
23-Mar-07,-,-,-,0.91,-
22-Mar-07,-,-,-,0.94,-
21-Mar-07,-,-,-,0.94,-
20-Mar-07,-,-,-,0.93,-
19-Mar-07,-,-,-,0.94,-
18-Mar-07,-,-,-,0.82,-
17-Mar-07,-,-,-,0.87,-
16-Mar-07,-,-,-,0.89,-
15-Mar-07,-,-,-,0.89,-
14-Mar-07,-,-,-,0.87,-
13-Mar-07,-,-,-,0.88,-
12-Mar-07,-,-,-,0.87,-
11-Mar-07,-,-,-,0.83,-
10-Mar-07,-,-,-,0.83,-
9-Mar-07,-,-,-,0.87,-
8-Mar-07,-,-,-,0.88,-
7-Mar-07,-,-,-,0.90,-
6-Mar-07,-,-,-,0.93,-
5-Mar-07,-,-,-,0.92,-
4-Mar-07,-,-,-,0.92,-
3-Mar-07,-,-,-,0.83,-
2-Mar-07,-,-,-,0.92,-
1-Mar-07,-,-,-,0.92,-
28-Feb-07,-,-,-,0.92,-
27-Feb-07,-,-,-,0.90,-
26-Feb-07,-,-,-,0.86,-
25-Feb-07,-,-,-,0.83,-
24-Feb-07,-,-,-,0.85,-
23-Feb-07,-,-,-,0.91,-
22-Feb-07,-,-,-,0.91,-
21-Feb-07,-,-,-,0.90,-
20-Feb-07,-,-,-,0.90,-
19-Feb-07,-,-,-,0.89,-
18-Feb-07,-,-,-,0.84,-
17-Feb-07,-,-,-,0.80,-
16-Feb-07,-,-,-,0.89,-
15-Feb-07,-,-,-,0.89,-
14-Feb-07,-,-,-,0.90,-
13-Feb-07,-,-,-,0.91,-
12-Feb-07,-,-,-,0.90,-
11-Feb-07,-,-,-,0.82,-
10-Feb-07,-,-,-,0.88,-
9-Feb-07,-,-,-,0.92,-
8-Feb-07,-,-,-,0.93,-
7-Feb-07,-,-,-,0.94,-
6-Feb-07,-,-,-,0.95,-
5-Feb-07,-,-,-,0.96,-
4-Feb-07,-,-,-,0.95,-
3-Feb-07,-,-,-,0.93,-
2-Feb-07,-,-,-,0.97,-
1-Feb-07,-,-,-,0.97,-
31-Jan-07,-,-,-,0.97,-
30-Jan-07,-,-,-,0.97,-
29-Jan-07,-,-,-,0.94,-
28-Jan-07,-,-,-,0.86,-
27-Jan-07,-,-,-,0.89,-
26-Jan-07,-,-,-,0.89,-
25-Jan-07,-,-,-,0.87,-
24-Jan-07,-,-,-,0.87,-
23-Jan-07,-,-,-,0.88,-
22-Jan-07,-,-,-,0.87,-
21-Jan-07,-,-,-,0.85,-
20-Jan-07,-,-,-,0.86,-
19-Jan-07,-,-,-,0.90,-
18-Jan-07,-,-,-,0.92,-
17-Jan-07,-,-,-,0.92,-
16-Jan-07,-,-,-,0.92,-
15-Jan-07,-,-,-,0.93,-
14-Jan-07,-,-,-,0.89,-
13-Jan-07,-,-,-,0.96,-
12-Jan-07,-,-,-,1.01,-
11-Jan-07,-,-,-,1.05,-
10-Jan-07,-,-,-,1.05,-
9-Jan-07,-,-,-,1.05,-
8-Jan-07,-,-,-,1.07,-
7-Jan-07,-,-,-,1.00,-
6-Jan-07,-,-,-,0.91,-
5-Jan-07,-,-,-,1.10,-
4-Jan-07,-,-,-,1.12,-
3-Jan-07,-,-,-,1.09,-
2-Jan-07,-,-,-,1.05,-
1-Jan-07,-,-,-,0.96,-
31-Dec-06,-,-,-,0.95,-
30-Dec-06,-,-,-,0.93,-
29-Dec-06,-,-,-,1.01,-
28-Dec-06,-,-,-,0.94,-
27-Dec-06,-,-,-,0.92,-
26-Dec-06,-,-,-,0.87,-
25-Dec-06,-,-,-,0.89,-
24-Dec-06,-,-,-,0.89,-
23-Dec-06,-,-,-,0.89,-
22-Dec-06,-,-,-,0.93,-
21-Dec-06,-,-,-,0.95,-
20-Dec-06,-,-,-,0.96,-
19-Dec-06,-,-,-,0.95,-
18-Dec-06,-,-,-,0.96,-
17-Dec-06,-,-,-,0.88,-
16-Dec-06,-,-,-,0.82,-
15-Dec-06,-,-,-,0.94,-
14-Dec-06,-,-,-,0.92,-
13-Dec-06,-,-,-,0.91,-
12-Dec-06,-,-,-,0.93,-
11-Dec-06,-,-,-,0.94,-
10-Dec-06,-,-,-,0.87,-
9-Dec-06,-,-,-,0.84,-
8-Dec-06,-,-,-,0.91,-
7-Dec-06,-,-,-,0.90,-
6-Dec-06,-,-,-,0.89,-
5-Dec-06,-,-,-,0.89,-
4-Dec-06,-,-,-,0.85,-
3-Dec-06,-,-,-,0.82,-
2-Dec-06,-,-,-,0.86,-
1-Dec-06,-,-,-,0.84,-
30-Nov-06,-,-,-,0.84,-
29-Nov-06,-,-,-,0.85,-
28-Nov-06,-,-,-,0.86,-
27-Nov-06,-,-,-,0.88,-
26-Nov-06,-,-,-,0.86,-
25-Nov-06,-,-,-,0.87,-
24-Nov-06,-,-,-,0.87,-
23-Nov-06,-,-,-,0.87,-
22-Nov-06,-,-,-,0.92,-
21-Nov-06,-,-,-,0.93,-
20-Nov-06,-,-,-,0.90,-
19-Nov-06,-,-,-,0.88,-
18-Nov-06,-,-,-,0.87,-
17-Nov-06,-,-,-,0.88,-
16-Nov-06,-,-,-,0.86,-
15-Nov-06,-,-,-,0.85,-
14-Nov-06,-,-,-,0.85,-
13-Nov-06,-,-,-,0.84,-
12-Nov-06,-,-,-,0.83,-
11-Nov-06,-,-,-,0.85,-
10-Nov-06,-,-,-,0.85,-
9-Nov-06,-,-,-,0.85,-
8-Nov-06,-,-,-,0.89,-
7-Nov-06,-,-,-,0.89,-
6-Nov-06,-,-,-,0.89,-
5-Nov-06,-,-,-,0.84,-
4-Nov-06,-,-,-,0.84,-
3-Nov-06,-,-,-,0.89,-
2-Nov-06,-,-,-,0.91,-
1-Nov-06,-,-,-,0.92,-
31-Oct-06,-,-,-,0.90,-
30-Oct-06,-,-,-,0.90,-
29-Oct-06,-,-,-,0.89,-
28-Oct-06,-,-,-,0.89,-
27-Oct-06,-,-,-,0.89,-
26-Oct-06,-,-,-,0.90,-
25-Oct-06,-,-,-,0.90,-
24-Oct-06,-,-,-,0.90,-
23-Oct-06,-,-,-,0.89,-
22-Oct-06,-,-,-,0.83,-
